Characteristic,Sex,Race/ethnicity,Family structure,Year,Percentage,Margin of error
Total,,,Two parents,2001,,
Total,,,Two parents,2002,,
Total,,,Two parents,2003,,
Total,,,Two parents,2004,,
Total,,,Two parents,2005,,
Total,,,Two parents,2006,,
Total,,,Two parents,2007,70.70%,0.40%
Total,,,Two parents,2008,69.90%,0.50%
Total,,,Two parents,2009,69.80%,0.50%
Total,,,Two parents,2010,69.40%,0.50%
Total,,,Two parents,2011,68.90%,0.50%
Total,,,Two parents,2012,68.10%,0.50%
Total,,,Two parents,2013,68.50%,0.50%
Total,,,Two married parents,2001,69%,0.50%
Total,,,Two married parents,2002,69%,0.50%
Total,,,Two married parents,2003,68.40%,0.50%
Total,,,Two married parents,2004,67.80%,0.50%
Total,,,Two married parents,2005,67.30%,0.50%
Total,,,Two married parents,2006,67.40%,0.50%
Total,,,Two married parents,2007,67.80%,0.50%
Total,,,Two married parents,2008,66.70%,0.50%
Total,,,Two married parents,2009,66.80%,0.50%
Total,,,Two married parents,2010,65.70%,0.50%
Total,,,Two married parents,2011,65%,0.50%
Total,,,Two married parents,2012,64.10%,0.50%
Total,,,Two married parents,2013,64.40%,0.50%
Total,,,Mother only,2001,22%,0.40%
Total,,,Mother only,2002,23%,0.40%
Total,,,Mother only,2003,23%,0.40%
Total,,,Mother only,2004,23.30%,0.40%
Total,,,Mother only,2005,23.40%,0.40%
Total,,,Mother only,2006,23.30%,0.40%
Total,,,Mother only,2007,22.60%,0.40%
Total,,,Mother only,2008,22.80%,0.40%
Total,,,Mother only,2009,22.80%,0.40%
Total,,,Mother only,2010,23.10%,0.40%
Total,,,Mother only,2011,23.60%,0.40%
Total,,,Mother only,2012,24.40%,0.40%
Total,,,Mother only,2013,23.70%,0.40%
Total,,,Father only,2001,4%,0.20%
Total,,,Father only,2002,5%,0.20%
Total,,,Father only,2003,4.60%,0.20%
Total,,,Father only,2004,4.60%,0.20%
Total,,,Father only,2005,4.80%,0.20%
Total,,,Father only,2006,4.70%,0.20%
Total,,,Father only,2007,3.20%,0.20%
Total,,,Father only,2008,3.50%,0.20%
Total,,,Father only,2009,3.40%,0.20%
Total,,,Father only,2010,3.40%,0.20%
Total,,,Father only,2011,3.50%,0.20%
Total,,,Father only,2012,4%,0.20%
Total,,,Father only,2013,4.10%,0.20%
Total,,,No parent,2001,4%,0.20%
Total,,,No parent,2002,4%,0.20%
Total,,,No parent,2003,4.10%,0.20%
Total,,,No parent,2004,4.30%,0.20%
Total,,,No parent,2005,4.50%,0.20%
Total,,,No parent,2006,4.60%,0.20%
Total,,,No parent,2007,3.50%,0.20%
Total,,,No parent,2008,3.80%,0.20%
Total,,,No parent,2009,4%,0.20%
Total,,,No parent,2010,4.10%,0.20%
Total,,,No parent,2011,3.90%,0.20%
Total,,,No parent,2012,3.60%,0.20%
Total,,,No parent,2013,3.70%,0.20%
Total - Male,Male,,Two parents,2001,,
Total - Male,Male,,Two parents,2002,,
Total - Male,Male,,Two parents,2003,,
Total - Male,Male,,Two parents,2004,,
Total - Male,Male,,Two parents,2005,,
Total - Male,Male,,Two parents,2006,,
Total - Male,Male,,Two parents,2007,70.90%,0.60%
Total - Male,Male,,Two parents,2008,70.20%,0.60%
Total - Male,Male,,Two parents,2009,69.90%,0.60%
Total - Male,Male,,Two parents,2010,69.40%,0.60%
Total - Male,Male,,Two parents,2011,68.80%,0.60%
Total - Male,Male,,Two parents,2012,68.40%,0.60%
Total - Male,Male,,Two parents,2013,68.50%,0.60%
Total - Male,Male,,Two married parents,2001,69.20%,0.60%
Total - Male,Male,,Two married parents,2002,68.60%,0.60%
Total - Male,Male,,Two married parents,2003,68.30%,0.60%
Total - Male,Male,,Two married parents,2004,67.90%,0.60%
Total - Male,Male,,Two married parents,2005,67.50%,0.60%
Total - Male,Male,,Two married parents,2006,67.60%,0.60%
Total - Male,Male,,Two married parents,2007,68%,0.60%
Total - Male,Male,,Two married parents,2008,67.10%,0.60%
Total - Male,Male,,Two married parents,2009,66.90%,0.60%
Total - Male,Male,,Two married parents,2010,65.80%,0.70%
Total - Male,Male,,Two married parents,2011,64.70%,0.70%
Total - Male,Male,,Two married parents,2012,64.30%,0.70%
Total - Male,Male,,Two married parents,2013,64.30%,0.70%
Total - Male,Male,,Mother only,2001,21.90%,0.60%
Total - Male,Male,,Mother only,2002,22.20%,0.60%
Total - Male,Male,,Mother only,2003,22.80%,0.60%
Total - Male,Male,,Mother only,2004,22.70%,0.60%
Total - Male,Male,,Mother only,2005,23%,0.60%
Total - Male,Male,,Mother only,2006,22.70%,0.60%
Total - Male,Male,,Mother only,2007,22.20%,0.60%
Total - Male,Male,,Mother only,2008,22.10%,0.60%
Total - Male,Male,,Mother only,2009,22.50%,0.60%
Total - Male,Male,,Mother only,2010,22.70%,0.60%
Total - Male,Male,,Mother only,2011,23.50%,0.60%
Total - Male,Male,,Mother only,2012,23.90%,0.60%
Total - Male,Male,,Mother only,2013,23.40%,0.60%
Total - Male,Male,,Father only,2001,4.80%,0.30%
Total - Male,Male,,Father only,2002,5.10%,0.30%
Total - Male,Male,,Father only,2003,4.90%,0.30%
Total - Male,Male,,Father only,2004,5%,0.30%
Total - Male,Male,,Father only,2005,5%,0.30%
Total - Male,Male,,Father only,2006,5%,0.30%
Total - Male,Male,,Father only,2007,3.50%,0.30%
Total - Male,Male,,Father only,2008,3.90%,0.30%
Total - Male,Male,,Father only,2009,3.70%,0.30%
Total - Male,Male,,Father only,2010,3.80%,0.30%
Total - Male,Male,,Father only,2011,3.80%,0.30%
Total - Male,Male,,Father only,2012,4.30%,0.30%
Total - Male,Male,,Father only,2013,4.20%,0.30%
Total - Male,Male,,No parent,2001,4.10%,0.30%
Total - Male,Male,,No parent,2002,4%,0.30%
Total - Male,Male,,No parent,2003,4.10%,0.30%
Total - Male,Male,,No parent,2004,4.30%,0.30%
Total - Male,Male,,No parent,2005,4.50%,0.30%
Total - Male,Male,,No parent,2006,4.70%,0.30%
Total - Male,Male,,No parent,2007,3.40%,0.30%
Total - Male,Male,,No parent,2008,3.70%,0.30%
Total - Male,Male,,No parent,2009,3.90%,0.30%
Total - Male,Male,,No parent,2010,4.10%,0.30%
Total - Male,Male,,No parent,2011,3.90%,0.30%
Total - Male,Male,,No parent,2012,3.40%,0.20%
Total - Male,Male,,No parent,2013,3.90%,0.30%
Total - Female,Female,,Two parents,2001,,
Total - Female,Female,,Two parents,2002,,
Total - Female,Female,,Two parents,2003,,
Total - Female,Female,,Two parents,2004,,
Total - Female,Female,,Two parents,2005,,
Total - Female,Female,,Two parents,2006,,
Total - Female,Female,,Two parents,2007,70.60%,0.60%
Total - Female,Female,,Two parents,2008,69.50%,0.60%
Total - Female,Female,,Two parents,2009,69.70%,0.60%
Total - Female,Female,,Two parents,2010,69.30%,0.60%
Total - Female,Female,,Two parents,2011,68.50%,0.70%
Total - Female,Female,,Two parents,2012,67.80%,0.70%
Total - Female,Female,,Two parents,2013,68.50%,0.70%
Total - Female,Female,,Two married parents,2001,69.10%,0.70%
Total - Female,Female,,Two married parents,2002,68.70%,0.70%
Total - Female,Female,,Two married parents,2003,68.50%,0.70%
Total - Female,Female,,Two married parents,2004,67.60%,0.70%
Total - Female,Female,,Two married parents,2005,67.20%,0.70%
Total - Female,Female,,Two married parents,2006,67.20%,0.70%
Total - Female,Female,,Two married parents,2007,67.60%,0.70%
Total - Female,Female,,Two married parents,2008,66.30%,0.70%
Total - Female,Female,,Two married parents,2009,66.60%,0.70%
Total - Female,Female,,Two married parents,2010,65.70%,0.70%
Total - Female,Female,,Two married parents,2011,64.90%,0.70%
Total - Female,Female,,Two married parents,2012,63.90%,0.70%
Total - Female,Female,,Two married parents,2013,64.60%,0.70%
Total - Female,Female,,Mother only,2001,22.90%,0.60%
Total - Female,Female,,Mother only,2002,23.30%,0.60%
Total - Female,Female,,Mother only,2003,23.20%,0.60%
Total - Female,Female,,Mother only,2004,23.90%,0.60%
Total - Female,Female,,Mother only,2005,23.90%,0.60%
Total - Female,Female,,Mother only,2006,23.90%,0.60%
Total - Female,Female,,Mother only,2007,23%,0.60%
Total - Female,Female,,Mother only,2008,23.50%,0.60%
Total - Female,Female,,Mother only,2009,23.10%,0.60%
Total - Female,Female,,Mother only,2010,23.60%,0.60%
Total - Female,Female,,Mother only,2011,24.10%,0.60%
Total - Female,Female,,Mother only,2012,24.80%,0.60%
Total - Female,Female,,Mother only,2013,24.10%,0.60%
Total - Female,Female,,Father only,2001,3.80%,0.30%
Total - Female,Female,,Father only,2002,4%,0.30%
Total - Female,Female,,Father only,2003,4.20%,0.30%
Total - Female,Female,,Father only,2004,4.30%,0.30%
Total - Female,Female,,Father only,2005,4.50%,0.30%
Total - Female,Female,,Father only,2006,4.40%,0.30%
Total - Female,Female,,Father only,2007,3%,0.20%
Total - Female,Female,,Father only,2008,3.10%,0.20%
Total - Female,Female,,Father only,2009,3.10%,0.20%
Total - Female,Female,,Father only,2010,3.10%,0.20%
Total - Female,Female,,Father only,2011,3.30%,0.30%
Total - Female,Female,,Father only,2012,3.60%,0.30%
Total - Female,Female,,Father only,2013,3.90%,0.30%
Total - Female,Female,,No parent,2001,4.10%,0.30%
Total - Female,Female,,No parent,2002,3.90%,0.30%
Total - Female,Female,,No parent,2003,4.20%,0.30%
Total - Female,Female,,No parent,2004,4.20%,0.30%
Total - Female,Female,,No parent,2005,4.50%,0.30%
Total - Female,Female,,No parent,2006,4.50%,0.30%
Total - Female,Female,,No parent,2007,3.50%,0.30%
Total - Female,Female,,No parent,2008,3.90%,0.30%
Total - Female,Female,,No parent,2009,4.10%,0.30%
Total - Female,Female,,No parent,2010,4.10%,0.30%
Total - Female,Female,,No parent,2011,4.10%,0.30%
Total - Female,Female,,No parent,2012,3.80%,0.30%
Total - Female,Female,,No parent,2013,3.50%,0.30%
"White, non-Hispanic",Male,"White, non-Hispanic",Two married parents,2001,77.80%,0.70%
"White, non-Hispanic",Male,"White, non-Hispanic",Two married parents,2002,77%,0.70%
"White, non-Hispanic",Male,"White, non-Hispanic",Two married parents,2003,,
"White, non-Hispanic",Male,"White, non-Hispanic",Two married parents,2004,,
"White, non-Hispanic",Male,"White, non-Hispanic",Two married parents,2005,,
"White, non-Hispanic",Male,"White, non-Hispanic",Two married parents,2006,,
"White, non-Hispanic",Male,"White, non-Hispanic",Two married parents,2007,,
"White, non-Hispanic",Male,"White, non-Hispanic",Two married parents,2008,,
"White, non-Hispanic",Male,"White, non-Hispanic",Two married parents,2009,,
"White, non-Hispanic",Male,"White, non-Hispanic",Two married parents,2010,,
"White, non-Hispanic",Male,"White, non-Hispanic",Two married parents,2011,,
"White, non-Hispanic",Male,"White, non-Hispanic",Two married parents,2012,,
"White, non-Hispanic",Male,"White, non-Hispanic",Two married parents,2013,,
"White, non-Hispanic",Male,"White, non-Hispanic",Mother only,2001,15.30%,0.60%
"White, non-Hispanic",Male,"White, non-Hispanic",Mother only,2002,15.70%,0.60%
"White, non-Hispanic",Male,"White, non-Hispanic",Mother only,2003,,
"White, non-Hispanic",Male,"White, non-Hispanic",Mother only,2004,,
"White, non-Hispanic",Male,"White, non-Hispanic",Mother only,2005,,
"White, non-Hispanic",Male,"White, non-Hispanic",Mother only,2006,,
"White, non-Hispanic",Male,"White, non-Hispanic",Mother only,2007,,
"White, non-Hispanic",Male,"White, non-Hispanic",Mother only,2008,,
"White, non-Hispanic",Male,"White, non-Hispanic",Mother only,2009,,
"White, non-Hispanic",Male,"White, non-Hispanic",Mother only,2010,,
"White, non-Hispanic",Male,"White, non-Hispanic",Mother only,2011,,
"White, non-Hispanic",Male,"White, non-Hispanic",Mother only,2012,,
"White, non-Hispanic",Male,"White, non-Hispanic",Mother only,2013,,
"White, non-Hispanic",Male,"White, non-Hispanic",Father only,2001,4.70%,0.40%
"White, non-Hispanic",Male,"White, non-Hispanic",Father only,2002,4.90%,0.40%
"White, non-Hispanic",Male,"White, non-Hispanic",Father only,2003,,
"White, non-Hispanic",Male,"White, non-Hispanic",Father only,2004,,
"White, non-Hispanic",Male,"White, non-Hispanic",Father only,2005,,
"White, non-Hispanic",Male,"White, non-Hispanic",Father only,2006,,
"White, non-Hispanic",Male,"White, non-Hispanic",Father only,2007,,
"White, non-Hispanic",Male,"White, non-Hispanic",Father only,2008,,
"White, non-Hispanic",Male,"White, non-Hispanic",Father only,2009,,
"White, non-Hispanic",Male,"White, non-Hispanic",Father only,2010,,
"White, non-Hispanic",Male,"White, non-Hispanic",Father only,2011,,
"White, non-Hispanic",Male,"White, non-Hispanic",Father only,2012,,
"White, non-Hispanic",Male,"White, non-Hispanic",Father only,2013,,
"White, non-Hispanic",Male,"White, non-Hispanic",No parent,2001,2.20%,0.30%
"White, non-Hispanic",Male,"White, non-Hispanic",No parent,2002,2.50%,0.30%
"White, non-Hispanic",Male,"White, non-Hispanic",No parent,2003,,
"White, non-Hispanic",Male,"White, non-Hispanic",No parent,2004,,
"White, non-Hispanic",Male,"White, non-Hispanic",No parent,2005,,
"White, non-Hispanic",Male,"White, non-Hispanic",No parent,2006,,
"White, non-Hispanic",Male,"White, non-Hispanic",No parent,2007,,
"White, non-Hispanic",Male,"White, non-Hispanic",No parent,2008,,
"White, non-Hispanic",Male,"White, non-Hispanic",No parent,2009,,
"White, non-Hispanic",Male,"White, non-Hispanic",No parent,2010,,
"White, non-Hispanic",Male,"White, non-Hispanic",No parent,2011,,
"White, non-Hispanic",Male,"White, non-Hispanic",No parent,2012,,
"White, non-Hispanic",Male,"White, non-Hispanic",No parent,2013,,
"White, non-Hispanic",Female,"White, non-Hispanic",Two married parents,2001,77.30%,0.80%
"White, non-Hispanic",Female,"White, non-Hispanic",Two married parents,2002,76.80%,0.80%
"White, non-Hispanic",Female,"White, non-Hispanic",Two married parents,2003,,
"White, non-Hispanic",Female,"White, non-Hispanic",Two married parents,2004,,
"White, non-Hispanic",Female,"White, non-Hispanic",Two married parents,2005,,
"White, non-Hispanic",Female,"White, non-Hispanic",Two married parents,2006,,
"White, non-Hispanic",Female,"White, non-Hispanic",Two married parents,2007,,
"White, non-Hispanic",Female,"White, non-Hispanic",Two married parents,2008,,
"White, non-Hispanic",Female,"White, non-Hispanic",Two married parents,2009,,
"White, non-Hispanic",Female,"White, non-Hispanic",Two married parents,2010,,
"White, non-Hispanic",Female,"White, non-Hispanic",Two married parents,2011,,
"White, non-Hispanic",Female,"White, non-Hispanic",Two married parents,2012,,
"White, non-Hispanic",Female,"White, non-Hispanic",Two married parents,2013,,
"White, non-Hispanic",Female,"White, non-Hispanic",Mother only,2001,16.40%,0.70%
"White, non-Hispanic",Female,"White, non-Hispanic",Mother only,2002,16.60%,0.70%
"White, non-Hispanic",Female,"White, non-Hispanic",Mother only,2003,,
"White, non-Hispanic",Female,"White, non-Hispanic",Mother only,2004,,
"White, non-Hispanic",Female,"White, non-Hispanic",Mother only,2005,,
"White, non-Hispanic",Female,"White, non-Hispanic",Mother only,2006,,
"White, non-Hispanic",Female,"White, non-Hispanic",Mother only,2007,,
"White, non-Hispanic",Female,"White, non-Hispanic",Mother only,2008,,
"White, non-Hispanic",Female,"White, non-Hispanic",Mother only,2009,,
"White, non-Hispanic",Female,"White, non-Hispanic",Mother only,2010,,
"White, non-Hispanic",Female,"White, non-Hispanic",Mother only,2011,,
"White, non-Hispanic",Female,"White, non-Hispanic",Mother only,2012,,
"White, non-Hispanic",Female,"White, non-Hispanic",Mother only,2013,,
"White, non-Hispanic",Female,"White, non-Hispanic",Father only,2001,3.90%,0.40%
"White, non-Hispanic",Female,"White, non-Hispanic",Father only,2002,3.80%,0.30%
"White, non-Hispanic",Female,"White, non-Hispanic",Father only,2003,,
"White, non-Hispanic",Female,"White, non-Hispanic",Father only,2004,,
"White, non-Hispanic",Female,"White, non-Hispanic",Father only,2005,,
"White, non-Hispanic",Female,"White, non-Hispanic",Father only,2006,,
"White, non-Hispanic",Female,"White, non-Hispanic",Father only,2007,,
"White, non-Hispanic",Female,"White, non-Hispanic",Father only,2008,,
"White, non-Hispanic",Female,"White, non-Hispanic",Father only,2009,,
"White, non-Hispanic",Female,"White, non-Hispanic",Father only,2010,,
"White, non-Hispanic",Female,"White, non-Hispanic",Father only,2011,,
"White, non-Hispanic",Female,"White, non-Hispanic",Father only,2012,,
"White, non-Hispanic",Female,"White, non-Hispanic",Father only,2013,,
"White, non-Hispanic",Female,"White, non-Hispanic",No parent,2001,2.40%,0.30%
"White, non-Hispanic",Female,"White, non-Hispanic",No parent,2002,2.90%,0.30%
"White, non-Hispanic",Female,"White, non-Hispanic",No parent,2003,,
"White, non-Hispanic",Female,"White, non-Hispanic",No parent,2004,,
"White, non-Hispanic",Female,"White, non-Hispanic",No parent,2005,,
"White, non-Hispanic",Female,"White, non-Hispanic",No parent,2006,,
"White, non-Hispanic",Female,"White, non-Hispanic",No parent,2007,,
"White, non-Hispanic",Female,"White, non-Hispanic",No parent,2008,,
"White, non-Hispanic",Female,"White, non-Hispanic",No parent,2009,,
"White, non-Hispanic",Female,"White, non-Hispanic",No parent,2010,,
"White, non-Hispanic",Female,"White, non-Hispanic",No parent,2011,,
"White, non-Hispanic",Female,"White, non-Hispanic",No parent,2012,,
"White, non-Hispanic",Female,"White, non-Hispanic",No parent,2013,,
"White-alone, non-Hispanic",Male,"White-alone, non-Hispanic",Two parents,2001,,
"White-alone, non-Hispanic",Male,"White-alone, non-Hispanic",Two parents,2002,,
"White-alone, non-Hispanic",Male,"White-alone, non-Hispanic",Two parents,2003,,
"White-alone, non-Hispanic",Male,"White-alone, non-Hispanic",Two parents,2004,,
"White-alone, non-Hispanic",Male,"White-alone, non-Hispanic",Two parents,2005,,
"White-alone, non-Hispanic",Male,"White-alone, non-Hispanic",Two parents,2006,,
"White-alone, non-Hispanic",Male,"White-alone, non-Hispanic",Two parents,2007,78.50%,0.70%
"White-alone, non-Hispanic",Male,"White-alone, non-Hispanic",Two parents,2008,78%,0.80%
"White-alone, non-Hispanic",Male,"White-alone, non-Hispanic",Two parents,2009,78.10%,0.80%
"White-alone, non-Hispanic",Male,"White-alone, non-Hispanic",Two parents,2010,77.50%,0.80%
"White-alone, non-Hispanic",Male,"White-alone, non-Hispanic",Two parents,2011,77.20%,0.80%
"White-alone, non-Hispanic",Male,"White-alone, non-Hispanic",Two parents,2012,76.40%,0.80%
"White-alone, non-Hispanic",Male,"White-alone, non-Hispanic",Two parents,2013,77.30%,0.80%
"White-alone, non-Hispanic",Male,"White-alone, non-Hispanic",Two married parents,2001,,
"White-alone, non-Hispanic",Male,"White-alone, non-Hispanic",Two married parents,2002,,
"White-alone, non-Hispanic",Male,"White-alone, non-Hispanic",Two married parents,2003,77.20%,0.70%
"White-alone, non-Hispanic",Male,"White-alone, non-Hispanic",Two married parents,2004,76.70%,0.80%
"White-alone, non-Hispanic",Male,"White-alone, non-Hispanic",Two married parents,2005,75.70%,0.80%
"White-alone, non-Hispanic",Male,"White-alone, non-Hispanic",Two married parents,2006,75.80%,0.80%
"White-alone, non-Hispanic",Male,"White-alone, non-Hispanic",Two married parents,2007,76.20%,0.80%
"White-alone, non-Hispanic",Male,"White-alone, non-Hispanic",Two married parents,2008,75.70%,0.80%
"White-alone, non-Hispanic",Male,"White-alone, non-Hispanic",Two married parents,2009,75.70%,0.80%
"White-alone, non-Hispanic",Male,"White-alone, non-Hispanic",Two married parents,2010,75%,0.80%
"White-alone, non-Hispanic",Male,"White-alone, non-Hispanic",Two married parents,2011,74.60%,0.80%
"White-alone, non-Hispanic",Male,"White-alone, non-Hispanic",Two married parents,2012,73.50%,0.80%
"White-alone, non-Hispanic",Male,"White-alone, non-Hispanic",Two married parents,2013,74.20%,0.80%
"White-alone, non-Hispanic",Male,"White-alone, non-Hispanic",Mother only,2001,,
"White-alone, non-Hispanic",Male,"White-alone, non-Hispanic",Mother only,2002,,
"White-alone, non-Hispanic",Male,"White-alone, non-Hispanic",Mother only,2003,15.70%,0.60%
"White-alone, non-Hispanic",Male,"White-alone, non-Hispanic",Mother only,2004,15.60%,0.70%
"White-alone, non-Hispanic",Male,"White-alone, non-Hispanic",Mother only,2005,16.10%,0.70%
"White-alone, non-Hispanic",Male,"White-alone, non-Hispanic",Mother only,2006,15.60%,0.70%
"White-alone, non-Hispanic",Male,"White-alone, non-Hispanic",Mother only,2007,15.20%,0.70%
"White-alone, non-Hispanic",Male,"White-alone, non-Hispanic",Mother only,2008,15.10%,0.70%
"White-alone, non-Hispanic",Male,"White-alone, non-Hispanic",Mother only,2009,15.20%,0.70%
"White-alone, non-Hispanic",Male,"White-alone, non-Hispanic",Mother only,2010,15.30%,0.70%
"White-alone, non-Hispanic",Male,"White-alone, non-Hispanic",Mother only,2011,15.50%,0.70%
"White-alone, non-Hispanic",Male,"White-alone, non-Hispanic",Mother only,2012,16.20%,0.70%
"White-alone, non-Hispanic",Male,"White-alone, non-Hispanic",Mother only,2013,15.10%,0.70%
"White-alone, non-Hispanic",Male,"White-alone, non-Hispanic",Father only,2001,,
"White-alone, non-Hispanic",Male,"White-alone, non-Hispanic",Father only,2002,,
"White-alone, non-Hispanic",Male,"White-alone, non-Hispanic",Father only,2003,4.60%,0.40%
"White-alone, non-Hispanic",Male,"White-alone, non-Hispanic",Father only,2004,4.70%,0.40%
"White-alone, non-Hispanic",Male,"White-alone, non-Hispanic",Father only,2005,5.10%,0.40%
"White-alone, non-Hispanic",Male,"White-alone, non-Hispanic",Father only,2006,5.30%,0.40%
"White-alone, non-Hispanic",Male,"White-alone, non-Hispanic",Father only,2007,3.90%,0.40%
"White-alone, non-Hispanic",Male,"White-alone, non-Hispanic",Father only,2008,4.40%,0.40%
"White-alone, non-Hispanic",Male,"White-alone, non-Hispanic",Father only,2009,4%,0.40%
"White-alone, non-Hispanic",Male,"White-alone, non-Hispanic",Father only,2010,4.10%,0.40%
"White-alone, non-Hispanic",Male,"White-alone, non-Hispanic",Father only,2011,4.20%,0.40%
"White-alone, non-Hispanic",Male,"White-alone, non-Hispanic",Father only,2012,4.70%,0.40%
"White-alone, non-Hispanic",Male,"White-alone, non-Hispanic",Father only,2013,4.50%,0.40%
"White-alone, non-Hispanic",Male,"White-alone, non-Hispanic",No parent,2001,,
"White-alone, non-Hispanic",Male,"White-alone, non-Hispanic",No parent,2002,,
"White-alone, non-Hispanic",Male,"White-alone, non-Hispanic",No parent,2003,2.50%,0.30%
"White-alone, non-Hispanic",Male,"White-alone, non-Hispanic",No parent,2004,3%,0.30%
"White-alone, non-Hispanic",Male,"White-alone, non-Hispanic",No parent,2005,3.10%,0.30%
"White-alone, non-Hispanic",Male,"White-alone, non-Hispanic",No parent,2006,3.30%,0.30%
"White-alone, non-Hispanic",Male,"White-alone, non-Hispanic",No parent,2007,2.50%,0.30%
"White-alone, non-Hispanic",Male,"White-alone, non-Hispanic",No parent,2008,2.50%,0.30%
"White-alone, non-Hispanic",Male,"White-alone, non-Hispanic",No parent,2009,2.70%,0.30%
"White-alone, non-Hispanic",Male,"White-alone, non-Hispanic",No parent,2010,3%,0.30%
"White-alone, non-Hispanic",Male,"White-alone, non-Hispanic",No parent,2011,3%,0.30%
"White-alone, non-Hispanic",Male,"White-alone, non-Hispanic",No parent,2012,2.60%,0.30%
"White-alone, non-Hispanic",Male,"White-alone, non-Hispanic",No parent,2013,3%,0.30%
"White-alone, non-Hispanic",Female,"White-alone, non-Hispanic",Two parents,2001,,
"White-alone, non-Hispanic",Female,"White-alone, non-Hispanic",Two parents,2002,,
"White-alone, non-Hispanic",Female,"White-alone, non-Hispanic",Two parents,2003,,
"White-alone, non-Hispanic",Female,"White-alone, non-Hispanic",Two parents,2004,,
"White-alone, non-Hispanic",Female,"White-alone, non-Hispanic",Two parents,2005,,
"White-alone, non-Hispanic",Female,"White-alone, non-Hispanic",Two parents,2006,,
"White-alone, non-Hispanic",Female,"White-alone, non-Hispanic",Two parents,2007,78.80%,0.80%
"White-alone, non-Hispanic",Female,"White-alone, non-Hispanic",Two parents,2008,77.60%,0.80%
"White-alone, non-Hispanic",Female,"White-alone, non-Hispanic",Two parents,2009,78%,0.80%
"White-alone, non-Hispanic",Female,"White-alone, non-Hispanic",Two parents,2010,77.60%,0.80%
"White-alone, non-Hispanic",Female,"White-alone, non-Hispanic",Two parents,2011,77%,0.80%
"White-alone, non-Hispanic",Female,"White-alone, non-Hispanic",Two parents,2012,76.60%,0.80%
"White-alone, non-Hispanic",Female,"White-alone, non-Hispanic",Two parents,2013,77.50%,0.80%
"White-alone, non-Hispanic",Female,"White-alone, non-Hispanic",Two married parents,2001,,
"White-alone, non-Hispanic",Female,"White-alone, non-Hispanic",Two married parents,2002,,
"White-alone, non-Hispanic",Female,"White-alone, non-Hispanic",Two married parents,2003,77.40%,0.80%
"White-alone, non-Hispanic",Female,"White-alone, non-Hispanic",Two married parents,2004,77%,0.80%
"White-alone, non-Hispanic",Female,"White-alone, non-Hispanic",Two married parents,2005,76%,0.80%
"White-alone, non-Hispanic",Female,"White-alone, non-Hispanic",Two married parents,2006,76%,0.80%
"White-alone, non-Hispanic",Female,"White-alone, non-Hispanic",Two married parents,2007,76.30%,0.80%
"White-alone, non-Hispanic",Female,"White-alone, non-Hispanic",Two married parents,2008,75.10%,0.80%
"White-alone, non-Hispanic",Female,"White-alone, non-Hispanic",Two married parents,2009,75.90%,0.80%
"White-alone, non-Hispanic",Female,"White-alone, non-Hispanic",Two married parents,2010,75.10%,0.80%
"White-alone, non-Hispanic",Female,"White-alone, non-Hispanic",Two married parents,2011,74.60%,0.80%
"White-alone, non-Hispanic",Female,"White-alone, non-Hispanic",Two married parents,2012,74%,0.90%
"White-alone, non-Hispanic",Female,"White-alone, non-Hispanic",Two married parents,2013,74.70%,0.80%
"White-alone, non-Hispanic",Female,"White-alone, non-Hispanic",Mother only,2001,,
"White-alone, non-Hispanic",Female,"White-alone, non-Hispanic",Mother only,2002,,
"White-alone, non-Hispanic",Female,"White-alone, non-Hispanic",Mother only,2003,16%,0.70%
"White-alone, non-Hispanic",Female,"White-alone, non-Hispanic",Mother only,2004,16.30%,0.70%
"White-alone, non-Hispanic",Female,"White-alone, non-Hispanic",Mother only,2005,16.80%,0.70%
"White-alone, non-Hispanic",Female,"White-alone, non-Hispanic",Mother only,2006,16.40%,0.70%
"White-alone, non-Hispanic",Female,"White-alone, non-Hispanic",Mother only,2007,15.40%,0.70%
"White-alone, non-Hispanic",Female,"White-alone, non-Hispanic",Mother only,2008,15.90%,0.70%
"White-alone, non-Hispanic",Female,"White-alone, non-Hispanic",Mother only,2009,15.50%,0.70%
"White-alone, non-Hispanic",Female,"White-alone, non-Hispanic",Mother only,2010,15.70%,0.70%
"White-alone, non-Hispanic",Female,"White-alone, non-Hispanic",Mother only,2011,16.30%,0.70%
"White-alone, non-Hispanic",Female,"White-alone, non-Hispanic",Mother only,2012,16.70%,0.70%
"White-alone, non-Hispanic",Female,"White-alone, non-Hispanic",Mother only,2013,15.40%,0.70%
"White-alone, non-Hispanic",Female,"White-alone, non-Hispanic",Father only,2001,,
"White-alone, non-Hispanic",Female,"White-alone, non-Hispanic",Father only,2002,,
"White-alone, non-Hispanic",Female,"White-alone, non-Hispanic",Father only,2003,3.90%,0.40%
"White-alone, non-Hispanic",Female,"White-alone, non-Hispanic",Father only,2004,3.80%,0.40%
"White-alone, non-Hispanic",Female,"White-alone, non-Hispanic",Father only,2005,4.40%,0.40%
"White-alone, non-Hispanic",Female,"White-alone, non-Hispanic",Father only,2006,4.40%,0.40%
"White-alone, non-Hispanic",Female,"White-alone, non-Hispanic",Father only,2007,3.30%,0.30%
"White-alone, non-Hispanic",Female,"White-alone, non-Hispanic",Father only,2008,3.80%,0.40%
"White-alone, non-Hispanic",Female,"White-alone, non-Hispanic",Father only,2009,3.50%,0.30%
"White-alone, non-Hispanic",Female,"White-alone, non-Hispanic",Father only,2010,3.40%,0.30%
"White-alone, non-Hispanic",Female,"White-alone, non-Hispanic",Father only,2011,3.80%,0.40%
"White-alone, non-Hispanic",Female,"White-alone, non-Hispanic",Father only,2012,3.80%,0.40%
"White-alone, non-Hispanic",Female,"White-alone, non-Hispanic",Father only,2013,4.10%,0.40%
"White-alone, non-Hispanic",Female,"White-alone, non-Hispanic",No parent,2001,,
"White-alone, non-Hispanic",Female,"White-alone, non-Hispanic",No parent,2002,,
"White-alone, non-Hispanic",Female,"White-alone, non-Hispanic",No parent,2003,2.70%,0.30%
"White-alone, non-Hispanic",Female,"White-alone, non-Hispanic",No parent,2004,2.90%,0.30%
"White-alone, non-Hispanic",Female,"White-alone, non-Hispanic",No parent,2005,2.80%,0.30%
"White-alone, non-Hispanic",Female,"White-alone, non-Hispanic",No parent,2006,3.20%,0.30%
"White-alone, non-Hispanic",Female,"White-alone, non-Hispanic",No parent,2007,2.50%,0.30%
"White-alone, non-Hispanic",Female,"White-alone, non-Hispanic",No parent,2008,2.70%,0.30%
"White-alone, non-Hispanic",Female,"White-alone, non-Hispanic",No parent,2009,3%,0.30%
"White-alone, non-Hispanic",Female,"White-alone, non-Hispanic",No parent,2010,3.30%,0.30%
"White-alone, non-Hispanic",Female,"White-alone, non-Hispanic",No parent,2011,2.90%,0.30%
"White-alone, non-Hispanic",Female,"White-alone, non-Hispanic",No parent,2012,3%,0.30%
"White-alone, non-Hispanic",Female,"White-alone, non-Hispanic",No parent,2013,3%,0.30%
"Black, non-Hispanic",Male,"Black, non-Hispanic",Two married parents,2001,36%,2%
"Black, non-Hispanic",Male,"Black, non-Hispanic",Two married parents,2002,37.70%,2.10%
"Black, non-Hispanic",Male,"Black, non-Hispanic",Two married parents,2003,,
"Black, non-Hispanic",Male,"Black, non-Hispanic",Two married parents,2004,,
"Black, non-Hispanic",Male,"Black, non-Hispanic",Two married parents,2005,,
"Black, non-Hispanic",Male,"Black, non-Hispanic",Two married parents,2006,,
"Black, non-Hispanic",Male,"Black, non-Hispanic",Two married parents,2007,,
"Black, non-Hispanic",Male,"Black, non-Hispanic",Two married parents,2008,,
"Black, non-Hispanic",Male,"Black, non-Hispanic",Two married parents,2009,,
"Black, non-Hispanic",Male,"Black, non-Hispanic",Two married parents,2010,,
"Black, non-Hispanic",Male,"Black, non-Hispanic",Two married parents,2011,,
"Black, non-Hispanic",Male,"Black, non-Hispanic",Two married parents,2012,,
"Black, non-Hispanic",Male,"Black, non-Hispanic",Two married parents,2013,,
"Black, non-Hispanic",Male,"Black, non-Hispanic",Mother only,2001,48.60%,2.10%
"Black, non-Hispanic",Male,"Black, non-Hispanic",Mother only,2002,47.80%,2.10%
"Black, non-Hispanic",Male,"Black, non-Hispanic",Mother only,2003,,
"Black, non-Hispanic",Male,"Black, non-Hispanic",Mother only,2004,,
"Black, non-Hispanic",Male,"Black, non-Hispanic",Mother only,2005,,
"Black, non-Hispanic",Male,"Black, non-Hispanic",Mother only,2006,,
"Black, non-Hispanic",Male,"Black, non-Hispanic",Mother only,2007,,
"Black, non-Hispanic",Male,"Black, non-Hispanic",Mother only,2008,,
"Black, non-Hispanic",Male,"Black, non-Hispanic",Mother only,2009,,
"Black, non-Hispanic",Male,"Black, non-Hispanic",Mother only,2010,,
"Black, non-Hispanic",Male,"Black, non-Hispanic",Mother only,2011,,
"Black, non-Hispanic",Male,"Black, non-Hispanic",Mother only,2012,,
"Black, non-Hispanic",Male,"Black, non-Hispanic",Mother only,2013,,
"Black, non-Hispanic",Male,"Black, non-Hispanic",Father only,2001,5.50%,1%
"Black, non-Hispanic",Male,"Black, non-Hispanic",Father only,2002,6%,1%
"Black, non-Hispanic",Male,"Black, non-Hispanic",Father only,2003,,
"Black, non-Hispanic",Male,"Black, non-Hispanic",Father only,2004,,
"Black, non-Hispanic",Male,"Black, non-Hispanic",Father only,2005,,
"Black, non-Hispanic",Male,"Black, non-Hispanic",Father only,2006,,
"Black, non-Hispanic",Male,"Black, non-Hispanic",Father only,2007,,
"Black, non-Hispanic",Male,"Black, non-Hispanic",Father only,2008,,
"Black, non-Hispanic",Male,"Black, non-Hispanic",Father only,2009,,
"Black, non-Hispanic",Male,"Black, non-Hispanic",Father only,2010,,
"Black, non-Hispanic",Male,"Black, non-Hispanic",Father only,2011,,
"Black, non-Hispanic",Male,"Black, non-Hispanic",Father only,2012,,
"Black, non-Hispanic",Male,"Black, non-Hispanic",Father only,2013,,
"Black, non-Hispanic",Male,"Black, non-Hispanic",No parent,2001,9.90%,1.30%
"Black, non-Hispanic",Male,"Black, non-Hispanic",No parent,2002,8.50%,1.20%
"Black, non-Hispanic",Male,"Black, non-Hispanic",No parent,2003,,
"Black, non-Hispanic",Male,"Black, non-Hispanic",No parent,2004,,
"Black, non-Hispanic",Male,"Black, non-Hispanic",No parent,2005,,
"Black, non-Hispanic",Male,"Black, non-Hispanic",No parent,2006,,
"Black, non-Hispanic",Male,"Black, non-Hispanic",No parent,2007,,
"Black, non-Hispanic",Male,"Black, non-Hispanic",No parent,2008,,
"Black, non-Hispanic",Male,"Black, non-Hispanic",No parent,2009,,
"Black, non-Hispanic",Male,"Black, non-Hispanic",No parent,2010,,
"Black, non-Hispanic",Male,"Black, non-Hispanic",No parent,2011,,
"Black, non-Hispanic",Male,"Black, non-Hispanic",No parent,2012,,
"Black, non-Hispanic",Male,"Black, non-Hispanic",No parent,2013,,
"Black, non-Hispanic",Female,"Black, non-Hispanic",Two married parents,2001,38.60%,2.10%
"Black, non-Hispanic",Female,"Black, non-Hispanic",Two married parents,2002,38.60%,2.10%
"Black, non-Hispanic",Female,"Black, non-Hispanic",Two married parents,2003,,
"Black, non-Hispanic",Female,"Black, non-Hispanic",Two married parents,2004,,
"Black, non-Hispanic",Female,"Black, non-Hispanic",Two married parents,2005,,
"Black, non-Hispanic",Female,"Black, non-Hispanic",Two married parents,2006,,
"Black, non-Hispanic",Female,"Black, non-Hispanic",Two married parents,2007,,
"Black, non-Hispanic",Female,"Black, non-Hispanic",Two married parents,2008,,
"Black, non-Hispanic",Female,"Black, non-Hispanic",Two married parents,2009,,
"Black, non-Hispanic",Female,"Black, non-Hispanic",Two married parents,2010,,
"Black, non-Hispanic",Female,"Black, non-Hispanic",Two married parents,2011,,
"Black, non-Hispanic",Female,"Black, non-Hispanic",Two married parents,2012,,
"Black, non-Hispanic",Female,"Black, non-Hispanic",Two married parents,2013,,
"Black, non-Hispanic",Female,"Black, non-Hispanic",Mother only,2001,48.10%,2.20%
"Black, non-Hispanic",Female,"Black, non-Hispanic",Mother only,2002,48.90%,2.20%
"Black, non-Hispanic",Female,"Black, non-Hispanic",Mother only,2003,,
"Black, non-Hispanic",Female,"Black, non-Hispanic",Mother only,2004,,
"Black, non-Hispanic",Female,"Black, non-Hispanic",Mother only,2005,,
"Black, non-Hispanic",Female,"Black, non-Hispanic",Mother only,2006,,
"Black, non-Hispanic",Female,"Black, non-Hispanic",Mother only,2007,,
"Black, non-Hispanic",Female,"Black, non-Hispanic",Mother only,2008,,
"Black, non-Hispanic",Female,"Black, non-Hispanic",Mother only,2009,,
"Black, non-Hispanic",Female,"Black, non-Hispanic",Mother only,2010,,
"Black, non-Hispanic",Female,"Black, non-Hispanic",Mother only,2011,,
"Black, non-Hispanic",Female,"Black, non-Hispanic",Mother only,2012,,
"Black, non-Hispanic",Female,"Black, non-Hispanic",Mother only,2013,,
"Black, non-Hispanic",Female,"Black, non-Hispanic",Father only,2001,4%,0.90%
"Black, non-Hispanic",Female,"Black, non-Hispanic",Father only,2002,4.70%,0.90%
"Black, non-Hispanic",Female,"Black, non-Hispanic",Father only,2003,,
"Black, non-Hispanic",Female,"Black, non-Hispanic",Father only,2004,,
"Black, non-Hispanic",Female,"Black, non-Hispanic",Father only,2005,,
"Black, non-Hispanic",Female,"Black, non-Hispanic",Father only,2006,,
"Black, non-Hispanic",Female,"Black, non-Hispanic",Father only,2007,,
"Black, non-Hispanic",Female,"Black, non-Hispanic",Father only,2008,,
"Black, non-Hispanic",Female,"Black, non-Hispanic",Father only,2009,,
"Black, non-Hispanic",Female,"Black, non-Hispanic",Father only,2010,,
"Black, non-Hispanic",Female,"Black, non-Hispanic",Father only,2011,,
"Black, non-Hispanic",Female,"Black, non-Hispanic",Father only,2012,,
"Black, non-Hispanic",Female,"Black, non-Hispanic",Father only,2013,,
"Black, non-Hispanic",Female,"Black, non-Hispanic",No parent,2001,9.30%,1.30%
"Black, non-Hispanic",Female,"Black, non-Hispanic",No parent,2002,7.90%,1.20%
"Black, non-Hispanic",Female,"Black, non-Hispanic",No parent,2003,,
"Black, non-Hispanic",Female,"Black, non-Hispanic",No parent,2004,,
"Black, non-Hispanic",Female,"Black, non-Hispanic",No parent,2005,,
"Black, non-Hispanic",Female,"Black, non-Hispanic",No parent,2006,,
"Black, non-Hispanic",Female,"Black, non-Hispanic",No parent,2007,,
"Black, non-Hispanic",Female,"Black, non-Hispanic",No parent,2008,,
"Black, non-Hispanic",Female,"Black, non-Hispanic",No parent,2009,,
"Black, non-Hispanic",Female,"Black, non-Hispanic",No parent,2010,,
"Black, non-Hispanic",Female,"Black, non-Hispanic",No parent,2011,,
"Black, non-Hispanic",Female,"Black, non-Hispanic",No parent,2012,,
"Black, non-Hispanic",Female,"Black, non-Hispanic",No parent,2013,,
"Black-alone, non-Hispanic",Male,"Black-alone, non-Hispanic",Two parents,2001,,
"Black-alone, non-Hispanic",Male,"Black-alone, non-Hispanic",Two parents,2002,,
"Black-alone, non-Hispanic",Male,"Black-alone, non-Hispanic",Two parents,2003,,
"Black-alone, non-Hispanic",Male,"Black-alone, non-Hispanic",Two parents,2004,,
"Black-alone, non-Hispanic",Male,"Black-alone, non-Hispanic",Two parents,2005,,
"Black-alone, non-Hispanic",Male,"Black-alone, non-Hispanic",Two parents,2006,,
"Black-alone, non-Hispanic",Male,"Black-alone, non-Hispanic",Two parents,2007,39.90%,2.10%
"Black-alone, non-Hispanic",Male,"Black-alone, non-Hispanic",Two parents,2008,37.70%,2.10%
"Black-alone, non-Hispanic",Male,"Black-alone, non-Hispanic",Two parents,2009,37%,2.10%
"Black-alone, non-Hispanic",Male,"Black-alone, non-Hispanic",Two parents,2010,38.90%,2.10%
"Black-alone, non-Hispanic",Male,"Black-alone, non-Hispanic",Two parents,2011,37.20%,2.20%
"Black-alone, non-Hispanic",Male,"Black-alone, non-Hispanic",Two parents,2012,37.60%,2.20%
"Black-alone, non-Hispanic",Male,"Black-alone, non-Hispanic",Two parents,2013,37.70%,2.20%
"Black-alone, non-Hispanic",Male,"Black-alone, non-Hispanic",Two married parents,2001,,
"Black-alone, non-Hispanic",Male,"Black-alone, non-Hispanic",Two married parents,2002,,
"Black-alone, non-Hispanic",Male,"Black-alone, non-Hispanic",Two married parents,2003,35.60%,2.10%
"Black-alone, non-Hispanic",Male,"Black-alone, non-Hispanic",Two married parents,2004,34.90%,2.10%
"Black-alone, non-Hispanic",Male,"Black-alone, non-Hispanic",Two married parents,2005,35.50%,2.10%
"Black-alone, non-Hispanic",Male,"Black-alone, non-Hispanic",Two married parents,2006,35.40%,2.10%
"Black-alone, non-Hispanic",Male,"Black-alone, non-Hispanic",Two married parents,2007,36.80%,2.10%
"Black-alone, non-Hispanic",Male,"Black-alone, non-Hispanic",Two married parents,2008,34.80%,2.10%
"Black-alone, non-Hispanic",Male,"Black-alone, non-Hispanic",Two married parents,2009,34.40%,2.10%
"Black-alone, non-Hispanic",Male,"Black-alone, non-Hispanic",Two married parents,2010,34.50%,2.10%
"Black-alone, non-Hispanic",Male,"Black-alone, non-Hispanic",Two married parents,2011,32%,2.10%
"Black-alone, non-Hispanic",Male,"Black-alone, non-Hispanic",Two married parents,2012,33.80%,2.10%
"Black-alone, non-Hispanic",Male,"Black-alone, non-Hispanic",Two married parents,2013,33.70%,2.10%
"Black-alone, non-Hispanic",Male,"Black-alone, non-Hispanic",Mother only,2001,,
"Black-alone, non-Hispanic",Male,"Black-alone, non-Hispanic",Mother only,2002,,
"Black-alone, non-Hispanic",Male,"Black-alone, non-Hispanic",Mother only,2003,51%,2.20%
"Black-alone, non-Hispanic",Male,"Black-alone, non-Hispanic",Mother only,2004,50.50%,2.20%
"Black-alone, non-Hispanic",Male,"Black-alone, non-Hispanic",Mother only,2005,50.50%,2.20%
"Black-alone, non-Hispanic",Male,"Black-alone, non-Hispanic",Mother only,2006,50.40%,2.20%
"Black-alone, non-Hispanic",Male,"Black-alone, non-Hispanic",Mother only,2007,49.40%,2.20%
"Black-alone, non-Hispanic",Male,"Black-alone, non-Hispanic",Mother only,2008,49.80%,2.20%
"Black-alone, non-Hispanic",Male,"Black-alone, non-Hispanic",Mother only,2009,50.50%,2.20%
"Black-alone, non-Hispanic",Male,"Black-alone, non-Hispanic",Mother only,2010,48.80%,2.20%
"Black-alone, non-Hispanic",Male,"Black-alone, non-Hispanic",Mother only,2011,51.60%,2.20%
"Black-alone, non-Hispanic",Male,"Black-alone, non-Hispanic",Mother only,2012,50.80%,2.20%
"Black-alone, non-Hispanic",Male,"Black-alone, non-Hispanic",Mother only,2013,50.30%,2.20%
"Black-alone, non-Hispanic",Male,"Black-alone, non-Hispanic",Father only,2001,,
"Black-alone, non-Hispanic",Male,"Black-alone, non-Hispanic",Father only,2002,,
"Black-alone, non-Hispanic",Male,"Black-alone, non-Hispanic",Father only,2003,4.90%,0.90%
"Black-alone, non-Hispanic",Male,"Black-alone, non-Hispanic",Father only,2004,5.80%,1%
"Black-alone, non-Hispanic",Male,"Black-alone, non-Hispanic",Father only,2005,4.80%,0.90%
"Black-alone, non-Hispanic",Male,"Black-alone, non-Hispanic",Father only,2006,5%,0.90%
"Black-alone, non-Hispanic",Male,"Black-alone, non-Hispanic",Father only,2007,4.10%,0.90%
"Black-alone, non-Hispanic",Male,"Black-alone, non-Hispanic",Father only,2008,4.40%,0.90%
"Black-alone, non-Hispanic",Male,"Black-alone, non-Hispanic",Father only,2009,4%,0.90%
"Black-alone, non-Hispanic",Male,"Black-alone, non-Hispanic",Father only,2010,4.10%,0.90%
"Black-alone, non-Hispanic",Male,"Black-alone, non-Hispanic",Father only,2011,4.40%,0.90%
"Black-alone, non-Hispanic",Male,"Black-alone, non-Hispanic",Father only,2012,4.80%,1%
"Black-alone, non-Hispanic",Male,"Black-alone, non-Hispanic",Father only,2013,5%,1%
"Black-alone, non-Hispanic",Male,"Black-alone, non-Hispanic",No parent,2001,,
"Black-alone, non-Hispanic",Male,"Black-alone, non-Hispanic",No parent,2002,,
"Black-alone, non-Hispanic",Male,"Black-alone, non-Hispanic",No parent,2003,8.50%,1.20%
"Black-alone, non-Hispanic",Male,"Black-alone, non-Hispanic",No parent,2004,8.80%,1.20%
"Black-alone, non-Hispanic",Male,"Black-alone, non-Hispanic",No parent,2005,9.30%,1.30%
"Black-alone, non-Hispanic",Male,"Black-alone, non-Hispanic",No parent,2006,9.20%,1.20%
"Black-alone, non-Hispanic",Male,"Black-alone, non-Hispanic",No parent,2007,6.60%,1.10%
"Black-alone, non-Hispanic",Male,"Black-alone, non-Hispanic",No parent,2008,8.10%,1.20%
"Black-alone, non-Hispanic",Male,"Black-alone, non-Hispanic",No parent,2009,8.40%,1.20%
"Black-alone, non-Hispanic",Male,"Black-alone, non-Hispanic",No parent,2010,8.20%,1.20%
"Black-alone, non-Hispanic",Male,"Black-alone, non-Hispanic",No parent,2011,6.90%,1.10%
"Black-alone, non-Hispanic",Male,"Black-alone, non-Hispanic",No parent,2012,6.80%,1.10%
"Black-alone, non-Hispanic",Male,"Black-alone, non-Hispanic",No parent,2013,7%,1.10%
"Black-alone, non-Hispanic",Female,"Black-alone, non-Hispanic",Two parents,2001,,
"Black-alone, non-Hispanic",Female,"Black-alone, non-Hispanic",Two parents,2002,,
"Black-alone, non-Hispanic",Female,"Black-alone, non-Hispanic",Two parents,2003,,
"Black-alone, non-Hispanic",Female,"Black-alone, non-Hispanic",Two parents,2004,,
"Black-alone, non-Hispanic",Female,"Black-alone, non-Hispanic",Two parents,2005,,
"Black-alone, non-Hispanic",Female,"Black-alone, non-Hispanic",Two parents,2006,,
"Black-alone, non-Hispanic",Female,"Black-alone, non-Hispanic",Two parents,2007,38.90%,2.10%
"Black-alone, non-Hispanic",Female,"Black-alone, non-Hispanic",Two parents,2008,36.90%,2.10%
"Black-alone, non-Hispanic",Female,"Black-alone, non-Hispanic",Two parents,2009,38.30%,2.10%
"Black-alone, non-Hispanic",Female,"Black-alone, non-Hispanic",Two parents,2010,38.10%,2.20%
"Black-alone, non-Hispanic",Female,"Black-alone, non-Hispanic",Two parents,2011,36.30%,2.20%
"Black-alone, non-Hispanic",Female,"Black-alone, non-Hispanic",Two parents,2012,36.10%,2.20%
"Black-alone, non-Hispanic",Female,"Black-alone, non-Hispanic",Two parents,2013,38.70%,2.20%
"Black-alone, non-Hispanic",Female,"Black-alone, non-Hispanic",Two married parents,2001,,
"Black-alone, non-Hispanic",Female,"Black-alone, non-Hispanic",Two married parents,2002,,
"Black-alone, non-Hispanic",Female,"Black-alone, non-Hispanic",Two married parents,2003,35.60%,2.10%
"Black-alone, non-Hispanic",Female,"Black-alone, non-Hispanic",Two married parents,2004,34.40%,2.10%
"Black-alone, non-Hispanic",Female,"Black-alone, non-Hispanic",Two married parents,2005,33.80%,2.10%
"Black-alone, non-Hispanic",Female,"Black-alone, non-Hispanic",Two married parents,2006,33.70%,2.10%
"Black-alone, non-Hispanic",Female,"Black-alone, non-Hispanic",Two married parents,2007,36.30%,2.10%
"Black-alone, non-Hispanic",Female,"Black-alone, non-Hispanic",Two married parents,2008,34.10%,2.10%
"Black-alone, non-Hispanic",Female,"Black-alone, non-Hispanic",Two married parents,2009,34.60%,2.10%
"Black-alone, non-Hispanic",Female,"Black-alone, non-Hispanic",Two married parents,2010,33.90%,2.10%
"Black-alone, non-Hispanic",Female,"Black-alone, non-Hispanic",Two married parents,2011,32.50%,2.10%
"Black-alone, non-Hispanic",Female,"Black-alone, non-Hispanic",Two married parents,2012,32%,2.10%
"Black-alone, non-Hispanic",Female,"Black-alone, non-Hispanic",Two married parents,2013,34.70%,2.20%
"Black-alone, non-Hispanic",Female,"Black-alone, non-Hispanic",Mother only,2001,,
"Black-alone, non-Hispanic",Female,"Black-alone, non-Hispanic",Mother only,2002,,
"Black-alone, non-Hispanic",Female,"Black-alone, non-Hispanic",Mother only,2003,51.70%,2.20%
"Black-alone, non-Hispanic",Female,"Black-alone, non-Hispanic",Mother only,2004,51.20%,2.20%
"Black-alone, non-Hispanic",Female,"Black-alone, non-Hispanic",Mother only,2005,50.90%,2.20%
"Black-alone, non-Hispanic",Female,"Black-alone, non-Hispanic",Mother only,2006,52.40%,2.20%
"Black-alone, non-Hispanic",Female,"Black-alone, non-Hispanic",Mother only,2007,51%,2.20%
"Black-alone, non-Hispanic",Female,"Black-alone, non-Hispanic",Mother only,2008,52.60%,2.20%
"Black-alone, non-Hispanic",Female,"Black-alone, non-Hispanic",Mother only,2009,50.30%,2.20%
"Black-alone, non-Hispanic",Female,"Black-alone, non-Hispanic",Mother only,2010,51.60%,2.20%
"Black-alone, non-Hispanic",Female,"Black-alone, non-Hispanic",Mother only,2011,52.90%,2.30%
"Black-alone, non-Hispanic",Female,"Black-alone, non-Hispanic",Mother only,2012,52.70%,2.30%
"Black-alone, non-Hispanic",Female,"Black-alone, non-Hispanic",Mother only,2013,51.50%,2.30%
"Black-alone, non-Hispanic",Female,"Black-alone, non-Hispanic",Father only,2001,,
"Black-alone, non-Hispanic",Female,"Black-alone, non-Hispanic",Father only,2002,,
"Black-alone, non-Hispanic",Female,"Black-alone, non-Hispanic",Father only,2003,4.10%,0.90%
"Black-alone, non-Hispanic",Female,"Black-alone, non-Hispanic",Father only,2004,5.10%,1%
"Black-alone, non-Hispanic",Female,"Black-alone, non-Hispanic",Father only,2005,4.80%,0.90%
"Black-alone, non-Hispanic",Female,"Black-alone, non-Hispanic",Father only,2006,4.30%,0.90%
"Black-alone, non-Hispanic",Female,"Black-alone, non-Hispanic",Father only,2007,3%,0.80%
"Black-alone, non-Hispanic",Female,"Black-alone, non-Hispanic",Father only,2008,2.40%,0.70%
"Black-alone, non-Hispanic",Female,"Black-alone, non-Hispanic",Father only,2009,2.80%,0.70%
"Black-alone, non-Hispanic",Female,"Black-alone, non-Hispanic",Father only,2010,3.20%,0.80%
"Black-alone, non-Hispanic",Female,"Black-alone, non-Hispanic",Father only,2011,2.90%,0.80%
"Black-alone, non-Hispanic",Female,"Black-alone, non-Hispanic",Father only,2012,4.10%,0.90%
"Black-alone, non-Hispanic",Female,"Black-alone, non-Hispanic",Father only,2013,4%,0.90%
"Black-alone, non-Hispanic",Female,"Black-alone, non-Hispanic",No parent,2001,,
"Black-alone, non-Hispanic",Female,"Black-alone, non-Hispanic",No parent,2002,,
"Black-alone, non-Hispanic",Female,"Black-alone, non-Hispanic",No parent,2003,8.60%,1.20%
"Black-alone, non-Hispanic",Female,"Black-alone, non-Hispanic",No parent,2004,9.30%,1.30%
"Black-alone, non-Hispanic",Female,"Black-alone, non-Hispanic",No parent,2005,10.50%,1.30%
"Black-alone, non-Hispanic",Female,"Black-alone, non-Hispanic",No parent,2006,9.60%,1.30%
"Black-alone, non-Hispanic",Female,"Black-alone, non-Hispanic",No parent,2007,7%,1.10%
"Black-alone, non-Hispanic",Female,"Black-alone, non-Hispanic",No parent,2008,8.10%,1.20%
"Black-alone, non-Hispanic",Female,"Black-alone, non-Hispanic",No parent,2009,8.70%,1.20%
"Black-alone, non-Hispanic",Female,"Black-alone, non-Hispanic",No parent,2010,7.20%,1.10%
"Black-alone, non-Hispanic",Female,"Black-alone, non-Hispanic",No parent,2011,8%,1.20%
"Black-alone, non-Hispanic",Female,"Black-alone, non-Hispanic",No parent,2012,7.20%,1.20%
"Black-alone, non-Hispanic",Female,"Black-alone, non-Hispanic",No parent,2013,5.70%,1.10%
"Asian and Pacific Islander, non-Hispanic",Male,"Asian and Pacific Islander, non-Hispanic",Two married parents,2001,83.20%,3%
"Asian and Pacific Islander, non-Hispanic",Male,"Asian and Pacific Islander, non-Hispanic",Two married parents,2002,82.50%,3.10%
"Asian and Pacific Islander, non-Hispanic",Male,"Asian and Pacific Islander, non-Hispanic",Two married parents,2003,,
"Asian and Pacific Islander, non-Hispanic",Male,"Asian and Pacific Islander, non-Hispanic",Two married parents,2004,,
"Asian and Pacific Islander, non-Hispanic",Male,"Asian and Pacific Islander, non-Hispanic",Two married parents,2005,,
"Asian and Pacific Islander, non-Hispanic",Male,"Asian and Pacific Islander, non-Hispanic",Two married parents,2006,,
"Asian and Pacific Islander, non-Hispanic",Male,"Asian and Pacific Islander, non-Hispanic",Two married parents,2007,,
"Asian and Pacific Islander, non-Hispanic",Male,"Asian and Pacific Islander, non-Hispanic",Two married parents,2008,,
"Asian and Pacific Islander, non-Hispanic",Male,"Asian and Pacific Islander, non-Hispanic",Two married parents,2009,,
"Asian and Pacific Islander, non-Hispanic",Male,"Asian and Pacific Islander, non-Hispanic",Two married parents,2010,,
"Asian and Pacific Islander, non-Hispanic",Male,"Asian and Pacific Islander, non-Hispanic",Two married parents,2011,,
"Asian and Pacific Islander, non-Hispanic",Male,"Asian and Pacific Islander, non-Hispanic",Two married parents,2012,,
"Asian and Pacific Islander, non-Hispanic",Male,"Asian and Pacific Islander, non-Hispanic",Two married parents,2013,,
"Asian and Pacific Islander, non-Hispanic",Male,"Asian and Pacific Islander, non-Hispanic",Mother only,2001,12.30%,2.60%
"Asian and Pacific Islander, non-Hispanic",Male,"Asian and Pacific Islander, non-Hispanic",Mother only,2002,12%,2.60%
"Asian and Pacific Islander, non-Hispanic",Male,"Asian and Pacific Islander, non-Hispanic",Mother only,2003,,
"Asian and Pacific Islander, non-Hispanic",Male,"Asian and Pacific Islander, non-Hispanic",Mother only,2004,,
"Asian and Pacific Islander, non-Hispanic",Male,"Asian and Pacific Islander, non-Hispanic",Mother only,2005,,
"Asian and Pacific Islander, non-Hispanic",Male,"Asian and Pacific Islander, non-Hispanic",Mother only,2006,,
"Asian and Pacific Islander, non-Hispanic",Male,"Asian and Pacific Islander, non-Hispanic",Mother only,2007,,
"Asian and Pacific Islander, non-Hispanic",Male,"Asian and Pacific Islander, non-Hispanic",Mother only,2008,,
"Asian and Pacific Islander, non-Hispanic",Male,"Asian and Pacific Islander, non-Hispanic",Mother only,2009,,
"Asian and Pacific Islander, non-Hispanic",Male,"Asian and Pacific Islander, non-Hispanic",Mother only,2010,,
"Asian and Pacific Islander, non-Hispanic",Male,"Asian and Pacific Islander, non-Hispanic",Mother only,2011,,
"Asian and Pacific Islander, non-Hispanic",Male,"Asian and Pacific Islander, non-Hispanic",Mother only,2012,,
"Asian and Pacific Islander, non-Hispanic",Male,"Asian and Pacific Islander, non-Hispanic",Mother only,2013,,
"Asian and Pacific Islander, non-Hispanic",Male,"Asian and Pacific Islander, non-Hispanic",Father only,2001,2.10%,1.20%
"Asian and Pacific Islander, non-Hispanic",Male,"Asian and Pacific Islander, non-Hispanic",Father only,2002,2.20%,1.20%
"Asian and Pacific Islander, non-Hispanic",Male,"Asian and Pacific Islander, non-Hispanic",Father only,2003,,
"Asian and Pacific Islander, non-Hispanic",Male,"Asian and Pacific Islander, non-Hispanic",Father only,2004,,
"Asian and Pacific Islander, non-Hispanic",Male,"Asian and Pacific Islander, non-Hispanic",Father only,2005,,
"Asian and Pacific Islander, non-Hispanic",Male,"Asian and Pacific Islander, non-Hispanic",Father only,2006,,
"Asian and Pacific Islander, non-Hispanic",Male,"Asian and Pacific Islander, non-Hispanic",Father only,2007,,
"Asian and Pacific Islander, non-Hispanic",Male,"Asian and Pacific Islander, non-Hispanic",Father only,2008,,
"Asian and Pacific Islander, non-Hispanic",Male,"Asian and Pacific Islander, non-Hispanic",Father only,2009,,
"Asian and Pacific Islander, non-Hispanic",Male,"Asian and Pacific Islander, non-Hispanic",Father only,2010,,
"Asian and Pacific Islander, non-Hispanic",Male,"Asian and Pacific Islander, non-Hispanic",Father only,2011,,
"Asian and Pacific Islander, non-Hispanic",Male,"Asian and Pacific Islander, non-Hispanic",Father only,2012,,
"Asian and Pacific Islander, non-Hispanic",Male,"Asian and Pacific Islander, non-Hispanic",Father only,2013,,
"Asian and Pacific Islander, non-Hispanic",Male,"Asian and Pacific Islander, non-Hispanic",No parent,2001,2.40%,1.20%
"Asian and Pacific Islander, non-Hispanic",Male,"Asian and Pacific Islander, non-Hispanic",No parent,2002,3.30%,1.40%
"Asian and Pacific Islander, non-Hispanic",Male,"Asian and Pacific Islander, non-Hispanic",No parent,2003,,
"Asian and Pacific Islander, non-Hispanic",Male,"Asian and Pacific Islander, non-Hispanic",No parent,2004,,
"Asian and Pacific Islander, non-Hispanic",Male,"Asian and Pacific Islander, non-Hispanic",No parent,2005,,
"Asian and Pacific Islander, non-Hispanic",Male,"Asian and Pacific Islander, non-Hispanic",No parent,2006,,
"Asian and Pacific Islander, non-Hispanic",Male,"Asian and Pacific Islander, non-Hispanic",No parent,2007,,
"Asian and Pacific Islander, non-Hispanic",Male,"Asian and Pacific Islander, non-Hispanic",No parent,2008,,
"Asian and Pacific Islander, non-Hispanic",Male,"Asian and Pacific Islander, non-Hispanic",No parent,2009,,
"Asian and Pacific Islander, non-Hispanic",Male,"Asian and Pacific Islander, non-Hispanic",No parent,2010,,
"Asian and Pacific Islander, non-Hispanic",Male,"Asian and Pacific Islander, non-Hispanic",No parent,2011,,
"Asian and Pacific Islander, non-Hispanic",Male,"Asian and Pacific Islander, non-Hispanic",No parent,2012,,
"Asian and Pacific Islander, non-Hispanic",Male,"Asian and Pacific Islander, non-Hispanic",No parent,2013,,
"Asian and Pacific Islander, non-Hispanic",Female,"Asian and Pacific Islander, non-Hispanic",Two married parents,2001,81.80%,3.10%
"Asian and Pacific Islander, non-Hispanic",Female,"Asian and Pacific Islander, non-Hispanic",Two married parents,2002,81.90%,3.20%
"Asian and Pacific Islander, non-Hispanic",Female,"Asian and Pacific Islander, non-Hispanic",Two married parents,2003,,
"Asian and Pacific Islander, non-Hispanic",Female,"Asian and Pacific Islander, non-Hispanic",Two married parents,2004,,
"Asian and Pacific Islander, non-Hispanic",Female,"Asian and Pacific Islander, non-Hispanic",Two married parents,2005,,
"Asian and Pacific Islander, non-Hispanic",Female,"Asian and Pacific Islander, non-Hispanic",Two married parents,2006,,
"Asian and Pacific Islander, non-Hispanic",Female,"Asian and Pacific Islander, non-Hispanic",Two married parents,2007,,
"Asian and Pacific Islander, non-Hispanic",Female,"Asian and Pacific Islander, non-Hispanic",Two married parents,2008,,
"Asian and Pacific Islander, non-Hispanic",Female,"Asian and Pacific Islander, non-Hispanic",Two married parents,2009,,
"Asian and Pacific Islander, non-Hispanic",Female,"Asian and Pacific Islander, non-Hispanic",Two married parents,2010,,
"Asian and Pacific Islander, non-Hispanic",Female,"Asian and Pacific Islander, non-Hispanic",Two married parents,2011,,
"Asian and Pacific Islander, non-Hispanic",Female,"Asian and Pacific Islander, non-Hispanic",Two married parents,2012,,
"Asian and Pacific Islander, non-Hispanic",Female,"Asian and Pacific Islander, non-Hispanic",Two married parents,2013,,
"Asian and Pacific Islander, non-Hispanic",Female,"Asian and Pacific Islander, non-Hispanic",Mother only,2001,13.20%,2.70%
"Asian and Pacific Islander, non-Hispanic",Female,"Asian and Pacific Islander, non-Hispanic",Mother only,2002,13.50%,2.80%
"Asian and Pacific Islander, non-Hispanic",Female,"Asian and Pacific Islander, non-Hispanic",Mother only,2003,,
"Asian and Pacific Islander, non-Hispanic",Female,"Asian and Pacific Islander, non-Hispanic",Mother only,2004,,
"Asian and Pacific Islander, non-Hispanic",Female,"Asian and Pacific Islander, non-Hispanic",Mother only,2005,,
"Asian and Pacific Islander, non-Hispanic",Female,"Asian and Pacific Islander, non-Hispanic",Mother only,2006,,
"Asian and Pacific Islander, non-Hispanic",Female,"Asian and Pacific Islander, non-Hispanic",Mother only,2007,,
"Asian and Pacific Islander, non-Hispanic",Female,"Asian and Pacific Islander, non-Hispanic",Mother only,2008,,
"Asian and Pacific Islander, non-Hispanic",Female,"Asian and Pacific Islander, non-Hispanic",Mother only,2009,,
"Asian and Pacific Islander, non-Hispanic",Female,"Asian and Pacific Islander, non-Hispanic",Mother only,2010,,
"Asian and Pacific Islander, non-Hispanic",Female,"Asian and Pacific Islander, non-Hispanic",Mother only,2011,,
"Asian and Pacific Islander, non-Hispanic",Female,"Asian and Pacific Islander, non-Hispanic",Mother only,2012,,
"Asian and Pacific Islander, non-Hispanic",Female,"Asian and Pacific Islander, non-Hispanic",Mother only,2013,,
"Asian and Pacific Islander, non-Hispanic",Female,"Asian and Pacific Islander, non-Hispanic",Father only,2001,1.90%,1.10%
"Asian and Pacific Islander, non-Hispanic",Female,"Asian and Pacific Islander, non-Hispanic",Father only,2002,1.80%,1.10%
"Asian and Pacific Islander, non-Hispanic",Female,"Asian and Pacific Islander, non-Hispanic",Father only,2003,,
"Asian and Pacific Islander, non-Hispanic",Female,"Asian and Pacific Islander, non-Hispanic",Father only,2004,,
"Asian and Pacific Islander, non-Hispanic",Female,"Asian and Pacific Islander, non-Hispanic",Father only,2005,,
"Asian and Pacific Islander, non-Hispanic",Female,"Asian and Pacific Islander, non-Hispanic",Father only,2006,,
"Asian and Pacific Islander, non-Hispanic",Female,"Asian and Pacific Islander, non-Hispanic",Father only,2007,,
"Asian and Pacific Islander, non-Hispanic",Female,"Asian and Pacific Islander, non-Hispanic",Father only,2008,,
"Asian and Pacific Islander, non-Hispanic",Female,"Asian and Pacific Islander, non-Hispanic",Father only,2009,,
"Asian and Pacific Islander, non-Hispanic",Female,"Asian and Pacific Islander, non-Hispanic",Father only,2010,,
"Asian and Pacific Islander, non-Hispanic",Female,"Asian and Pacific Islander, non-Hispanic",Father only,2011,,
"Asian and Pacific Islander, non-Hispanic",Female,"Asian and Pacific Islander, non-Hispanic",Father only,2012,,
"Asian and Pacific Islander, non-Hispanic",Female,"Asian and Pacific Islander, non-Hispanic",Father only,2013,,
"Asian and Pacific Islander, non-Hispanic",Female,"Asian and Pacific Islander, non-Hispanic",No parent,2001,3.10%,1.40%
"Asian and Pacific Islander, non-Hispanic",Female,"Asian and Pacific Islander, non-Hispanic",No parent,2002,2.70%,1.30%
"Asian and Pacific Islander, non-Hispanic",Female,"Asian and Pacific Islander, non-Hispanic",No parent,2003,,
"Asian and Pacific Islander, non-Hispanic",Female,"Asian and Pacific Islander, non-Hispanic",No parent,2004,,
"Asian and Pacific Islander, non-Hispanic",Female,"Asian and Pacific Islander, non-Hispanic",No parent,2005,,
"Asian and Pacific Islander, non-Hispanic",Female,"Asian and Pacific Islander, non-Hispanic",No parent,2006,,
"Asian and Pacific Islander, non-Hispanic",Female,"Asian and Pacific Islander, non-Hispanic",No parent,2007,,
"Asian and Pacific Islander, non-Hispanic",Female,"Asian and Pacific Islander, non-Hispanic",No parent,2008,,
"Asian and Pacific Islander, non-Hispanic",Female,"Asian and Pacific Islander, non-Hispanic",No parent,2009,,
"Asian and Pacific Islander, non-Hispanic",Female,"Asian and Pacific Islander, non-Hispanic",No parent,2010,,
"Asian and Pacific Islander, non-Hispanic",Female,"Asian and Pacific Islander, non-Hispanic",No parent,2011,,
"Asian and Pacific Islander, non-Hispanic",Female,"Asian and Pacific Islander, non-Hispanic",No parent,2012,,
"Asian and Pacific Islander, non-Hispanic",Female,"Asian and Pacific Islander, non-Hispanic",No parent,2013,,
"Asian-alone, non-Hispanic",Male,"Asian-alone, non-Hispanic",Two parents,2001,,
"Asian-alone, non-Hispanic",Male,"Asian-alone, non-Hispanic",Two parents,2002,,
"Asian-alone, non-Hispanic",Male,"Asian-alone, non-Hispanic",Two parents,2003,,
"Asian-alone, non-Hispanic",Male,"Asian-alone, non-Hispanic",Two parents,2004,,
"Asian-alone, non-Hispanic",Male,"Asian-alone, non-Hispanic",Two parents,2005,,
"Asian-alone, non-Hispanic",Male,"Asian-alone, non-Hispanic",Two parents,2006,,
"Asian-alone, non-Hispanic",Male,"Asian-alone, non-Hispanic",Two parents,2007,88.20%,2.70%
"Asian-alone, non-Hispanic",Male,"Asian-alone, non-Hispanic",Two parents,2008,87.20%,2.80%
"Asian-alone, non-Hispanic",Male,"Asian-alone, non-Hispanic",Two parents,2009,84.40%,3%
"Asian-alone, non-Hispanic",Male,"Asian-alone, non-Hispanic",Two parents,2010,85.40%,2.80%
"Asian-alone, non-Hispanic",Male,"Asian-alone, non-Hispanic",Two parents,2011,86.90%,2.70%
"Asian-alone, non-Hispanic",Male,"Asian-alone, non-Hispanic",Two parents,2012,87%,2.60%
"Asian-alone, non-Hispanic",Male,"Asian-alone, non-Hispanic",Two parents,2013,86.60%,2.60%
"Asian-alone, non-Hispanic",Male,"Asian-alone, non-Hispanic",Two married parents,2001,,
"Asian-alone, non-Hispanic",Male,"Asian-alone, non-Hispanic",Two married parents,2002,,
"Asian-alone, non-Hispanic",Male,"Asian-alone, non-Hispanic",Two married parents,2003,83.90%,3.20%
"Asian-alone, non-Hispanic",Male,"Asian-alone, non-Hispanic",Two married parents,2004,83.60%,3.20%
"Asian-alone, non-Hispanic",Male,"Asian-alone, non-Hispanic",Two married parents,2005,84.50%,3.10%
"Asian-alone, non-Hispanic",Male,"Asian-alone, non-Hispanic",Two married parents,2006,84.40%,3.10%
"Asian-alone, non-Hispanic",Male,"Asian-alone, non-Hispanic",Two married parents,2007,86.30%,2.90%
"Asian-alone, non-Hispanic",Male,"Asian-alone, non-Hispanic",Two married parents,2008,85.70%,2.90%
"Asian-alone, non-Hispanic",Male,"Asian-alone, non-Hispanic",Two married parents,2009,83.50%,3.10%
"Asian-alone, non-Hispanic",Male,"Asian-alone, non-Hispanic",Two married parents,2010,84.80%,2.90%
"Asian-alone, non-Hispanic",Male,"Asian-alone, non-Hispanic",Two married parents,2011,85.80%,2.80%
"Asian-alone, non-Hispanic",Male,"Asian-alone, non-Hispanic",Two married parents,2012,85%,2.80%
"Asian-alone, non-Hispanic",Male,"Asian-alone, non-Hispanic",Two married parents,2013,84.90%,2.80%
"Asian-alone, non-Hispanic",Male,"Asian-alone, non-Hispanic",Mother only,2001,,
"Asian-alone, non-Hispanic",Male,"Asian-alone, non-Hispanic",Mother only,2002,,
"Asian-alone, non-Hispanic",Male,"Asian-alone, non-Hispanic",Mother only,2003,9.80%,2.60%
"Asian-alone, non-Hispanic",Male,"Asian-alone, non-Hispanic",Mother only,2004,11.90%,2.80%
"Asian-alone, non-Hispanic",Male,"Asian-alone, non-Hispanic",Mother only,2005,9.50%,2.50%
"Asian-alone, non-Hispanic",Male,"Asian-alone, non-Hispanic",Mother only,2006,8.50%,2.40%
"Asian-alone, non-Hispanic",Male,"Asian-alone, non-Hispanic",Mother only,2007,7.90%,2.30%
"Asian-alone, non-Hispanic",Male,"Asian-alone, non-Hispanic",Mother only,2008,8.90%,2.40%
"Asian-alone, non-Hispanic",Male,"Asian-alone, non-Hispanic",Mother only,2009,10.70%,2.60%
"Asian-alone, non-Hispanic",Male,"Asian-alone, non-Hispanic",Mother only,2010,10.50%,2.50%
"Asian-alone, non-Hispanic",Male,"Asian-alone, non-Hispanic",Mother only,2011,9.30%,2.30%
"Asian-alone, non-Hispanic",Male,"Asian-alone, non-Hispanic",Mother only,2012,9.10%,2.20%
"Asian-alone, non-Hispanic",Male,"Asian-alone, non-Hispanic",Mother only,2013,9%,2.20%
"Asian-alone, non-Hispanic",Male,"Asian-alone, non-Hispanic",Father only,2001,,
"Asian-alone, non-Hispanic",Male,"Asian-alone, non-Hispanic",Father only,2002,,
"Asian-alone, non-Hispanic",Male,"Asian-alone, non-Hispanic",Father only,2003,3.40%,1.60%
"Asian-alone, non-Hispanic",Male,"Asian-alone, non-Hispanic",Father only,2004,2.20%,1.30%
"Asian-alone, non-Hispanic",Male,"Asian-alone, non-Hispanic",Father only,2005,3.20%,1.50%
"Asian-alone, non-Hispanic",Male,"Asian-alone, non-Hispanic",Father only,2006,3.80%,1.60%
"Asian-alone, non-Hispanic",Male,"Asian-alone, non-Hispanic",Father only,2007,1.50%,1%
"Asian-alone, non-Hispanic",Male,"Asian-alone, non-Hispanic",Father only,2008,1.90%,1.10%
"Asian-alone, non-Hispanic",Male,"Asian-alone, non-Hispanic",Father only,2009,2.40%,1.30%
"Asian-alone, non-Hispanic",Male,"Asian-alone, non-Hispanic",Father only,2010,1.80%,1.10%
"Asian-alone, non-Hispanic",Male,"Asian-alone, non-Hispanic",Father only,2011,1.10%,0.80%
"Asian-alone, non-Hispanic",Male,"Asian-alone, non-Hispanic",Father only,2012,2.20%,1.20%
"Asian-alone, non-Hispanic",Male,"Asian-alone, non-Hispanic",Father only,2013,2.40%,1.20%
"Asian-alone, non-Hispanic",Male,"Asian-alone, non-Hispanic",No parent,2001,,
"Asian-alone, non-Hispanic",Male,"Asian-alone, non-Hispanic",No parent,2002,,
"Asian-alone, non-Hispanic",Male,"Asian-alone, non-Hispanic",No parent,2003,2.90%,1.50%
"Asian-alone, non-Hispanic",Male,"Asian-alone, non-Hispanic",No parent,2004,2.20%,1.30%
"Asian-alone, non-Hispanic",Male,"Asian-alone, non-Hispanic",No parent,2005,2.80%,1.40%
"Asian-alone, non-Hispanic",Male,"Asian-alone, non-Hispanic",No parent,2006,3.30%,1.50%
"Asian-alone, non-Hispanic",Male,"Asian-alone, non-Hispanic",No parent,2007,2.40%,1.30%
"Asian-alone, non-Hispanic",Male,"Asian-alone, non-Hispanic",No parent,2008,2%,1.20%
"Asian-alone, non-Hispanic",Male,"Asian-alone, non-Hispanic",No parent,2009,2.50%,1.30%
"Asian-alone, non-Hispanic",Male,"Asian-alone, non-Hispanic",No parent,2010,2.40%,1.20%
"Asian-alone, non-Hispanic",Male,"Asian-alone, non-Hispanic",No parent,2011,2.70%,1.30%
"Asian-alone, non-Hispanic",Male,"Asian-alone, non-Hispanic",No parent,2012,1.60%,1%
"Asian-alone, non-Hispanic",Male,"Asian-alone, non-Hispanic",No parent,2013,2%,1.10%
"Asian-alone, non-Hispanic",Female,"Asian-alone, non-Hispanic",Two parents,2001,,
"Asian-alone, non-Hispanic",Female,"Asian-alone, non-Hispanic",Two parents,2002,,
"Asian-alone, non-Hispanic",Female,"Asian-alone, non-Hispanic",Two parents,2003,,
"Asian-alone, non-Hispanic",Female,"Asian-alone, non-Hispanic",Two parents,2004,,
"Asian-alone, non-Hispanic",Female,"Asian-alone, non-Hispanic",Two parents,2005,,
"Asian-alone, non-Hispanic",Female,"Asian-alone, non-Hispanic",Two parents,2006,,
"Asian-alone, non-Hispanic",Female,"Asian-alone, non-Hispanic",Two parents,2007,86.50%,2.90%
"Asian-alone, non-Hispanic",Female,"Asian-alone, non-Hispanic",Two parents,2008,83.70%,3.10%
"Asian-alone, non-Hispanic",Female,"Asian-alone, non-Hispanic",Two parents,2009,86.10%,2.90%
"Asian-alone, non-Hispanic",Female,"Asian-alone, non-Hispanic",Two parents,2010,85.60%,2.80%
"Asian-alone, non-Hispanic",Female,"Asian-alone, non-Hispanic",Two parents,2011,87.50%,2.60%
"Asian-alone, non-Hispanic",Female,"Asian-alone, non-Hispanic",Two parents,2012,84.80%,2.80%
"Asian-alone, non-Hispanic",Female,"Asian-alone, non-Hispanic",Two parents,2013,85.50%,2.70%
"Asian-alone, non-Hispanic",Female,"Asian-alone, non-Hispanic",Two married parents,2001,,
"Asian-alone, non-Hispanic",Female,"Asian-alone, non-Hispanic",Two married parents,2002,,
"Asian-alone, non-Hispanic",Female,"Asian-alone, non-Hispanic",Two married parents,2003,82.90%,3.40%
"Asian-alone, non-Hispanic",Female,"Asian-alone, non-Hispanic",Two married parents,2004,83.20%,3.30%
"Asian-alone, non-Hispanic",Female,"Asian-alone, non-Hispanic",Two married parents,2005,84.40%,3.20%
"Asian-alone, non-Hispanic",Female,"Asian-alone, non-Hispanic",Two married parents,2006,84%,3.10%
"Asian-alone, non-Hispanic",Female,"Asian-alone, non-Hispanic",Two married parents,2007,84.70%,3.10%
"Asian-alone, non-Hispanic",Female,"Asian-alone, non-Hispanic",Two married parents,2008,82.60%,3.20%
"Asian-alone, non-Hispanic",Female,"Asian-alone, non-Hispanic",Two married parents,2009,84.60%,3%
"Asian-alone, non-Hispanic",Female,"Asian-alone, non-Hispanic",Two married parents,2010,83.50%,3%
"Asian-alone, non-Hispanic",Female,"Asian-alone, non-Hispanic",Two married parents,2011,85.50%,2.80%
"Asian-alone, non-Hispanic",Female,"Asian-alone, non-Hispanic",Two married parents,2012,82.40%,3%
"Asian-alone, non-Hispanic",Female,"Asian-alone, non-Hispanic",Two married parents,2013,84.20%,2.80%
"Asian-alone, non-Hispanic",Female,"Asian-alone, non-Hispanic",Mother only,2001,,
"Asian-alone, non-Hispanic",Female,"Asian-alone, non-Hispanic",Mother only,2002,,
"Asian-alone, non-Hispanic",Female,"Asian-alone, non-Hispanic",Mother only,2003,11.40%,2.80%
"Asian-alone, non-Hispanic",Female,"Asian-alone, non-Hispanic",Mother only,2004,12.30%,2.90%
"Asian-alone, non-Hispanic",Female,"Asian-alone, non-Hispanic",Mother only,2005,10%,2.60%
"Asian-alone, non-Hispanic",Female,"Asian-alone, non-Hispanic",Mother only,2006,10%,2.60%
"Asian-alone, non-Hispanic",Female,"Asian-alone, non-Hispanic",Mother only,2007,9.90%,2.50%
"Asian-alone, non-Hispanic",Female,"Asian-alone, non-Hispanic",Mother only,2008,11.20%,2.70%
"Asian-alone, non-Hispanic",Female,"Asian-alone, non-Hispanic",Mother only,2009,9.50%,2.50%
"Asian-alone, non-Hispanic",Female,"Asian-alone, non-Hispanic",Mother only,2010,9.90%,2.40%
"Asian-alone, non-Hispanic",Female,"Asian-alone, non-Hispanic",Mother only,2011,9.10%,2.30%
"Asian-alone, non-Hispanic",Female,"Asian-alone, non-Hispanic",Mother only,2012,10.90%,2.50%
"Asian-alone, non-Hispanic",Female,"Asian-alone, non-Hispanic",Mother only,2013,10.10%,2.30%
"Asian-alone, non-Hispanic",Female,"Asian-alone, non-Hispanic",Father only,2001,,
"Asian-alone, non-Hispanic",Female,"Asian-alone, non-Hispanic",Father only,2002,,
"Asian-alone, non-Hispanic",Female,"Asian-alone, non-Hispanic",Father only,2003,2.40%,1.40%
"Asian-alone, non-Hispanic",Female,"Asian-alone, non-Hispanic",Father only,2004,1.80%,1.20%
"Asian-alone, non-Hispanic",Female,"Asian-alone, non-Hispanic",Father only,2005,3.30%,1.50%
"Asian-alone, non-Hispanic",Female,"Asian-alone, non-Hispanic",Father only,2006,3.30%,1.50%
"Asian-alone, non-Hispanic",Female,"Asian-alone, non-Hispanic",Father only,2007,1.80%,1.10%
"Asian-alone, non-Hispanic",Female,"Asian-alone, non-Hispanic",Father only,2008,2.30%,1.30%
"Asian-alone, non-Hispanic",Female,"Asian-alone, non-Hispanic",Father only,2009,2.70%,1.40%
"Asian-alone, non-Hispanic",Female,"Asian-alone, non-Hispanic",Father only,2010,2.70%,1.30%
"Asian-alone, non-Hispanic",Female,"Asian-alone, non-Hispanic",Father only,2011,1.50%,1%
"Asian-alone, non-Hispanic",Female,"Asian-alone, non-Hispanic",Father only,2012,1.90%,1.10%
"Asian-alone, non-Hispanic",Female,"Asian-alone, non-Hispanic",Father only,2013,2.50%,1.20%
"Asian-alone, non-Hispanic",Female,"Asian-alone, non-Hispanic",No parent,2001,,
"Asian-alone, non-Hispanic",Female,"Asian-alone, non-Hispanic",No parent,2002,,
"Asian-alone, non-Hispanic",Female,"Asian-alone, non-Hispanic",No parent,2003,3.40%,1.60%
"Asian-alone, non-Hispanic",Female,"Asian-alone, non-Hispanic",No parent,2004,2.80%,1.40%
"Asian-alone, non-Hispanic",Female,"Asian-alone, non-Hispanic",No parent,2005,2.30%,1.30%
"Asian-alone, non-Hispanic",Female,"Asian-alone, non-Hispanic",No parent,2006,2.60%,1.40%
"Asian-alone, non-Hispanic",Female,"Asian-alone, non-Hispanic",No parent,2007,1.90%,1.20%
"Asian-alone, non-Hispanic",Female,"Asian-alone, non-Hispanic",No parent,2008,2.80%,1.40%
"Asian-alone, non-Hispanic",Female,"Asian-alone, non-Hispanic",No parent,2009,1.70%,1.10%
"Asian-alone, non-Hispanic",Female,"Asian-alone, non-Hispanic",No parent,2010,1.90%,1.10%
"Asian-alone, non-Hispanic",Female,"Asian-alone, non-Hispanic",No parent,2011,1.90%,1.10%
"Asian-alone, non-Hispanic",Female,"Asian-alone, non-Hispanic",No parent,2012,2.40%,1.20%
"Asian-alone, non-Hispanic",Female,"Asian-alone, non-Hispanic",No parent,2013,1.90%,1.10%
"All other, non-Hispanic",Male,"All other, non-Hispanic",Two parents,2001,,
"All other, non-Hispanic",Male,"All other, non-Hispanic",Two parents,2002,,
"All other, non-Hispanic",Male,"All other, non-Hispanic",Two parents,2003,,
"All other, non-Hispanic",Male,"All other, non-Hispanic",Two parents,2004,,
"All other, non-Hispanic",Male,"All other, non-Hispanic",Two parents,2005,,
"All other, non-Hispanic",Male,"All other, non-Hispanic",Two parents,2006,,
"All other, non-Hispanic",Male,"All other, non-Hispanic",Two parents,2007,61.50%,4.30%
"All other, non-Hispanic",Male,"All other, non-Hispanic",Two parents,2008,61.40%,4.30%
"All other, non-Hispanic",Male,"All other, non-Hispanic",Two parents,2009,60.70%,4.10%
"All other, non-Hispanic",Male,"All other, non-Hispanic",Two parents,2010,63.20%,4%
"All other, non-Hispanic",Male,"All other, non-Hispanic",Two parents,2011,61.10%,3.70%
"All other, non-Hispanic",Male,"All other, non-Hispanic",Two parents,2012,62.40%,3.60%
"All other, non-Hispanic",Male,"All other, non-Hispanic",Two parents,2013,58.60%,3.60%
"All other, non-Hispanic",Male,"All other, non-Hispanic",Two married parents,2001,60%,7.20%
"All other, non-Hispanic",Male,"All other, non-Hispanic",Two married parents,2002,50.50%,7.10%
"All other, non-Hispanic",Male,"All other, non-Hispanic",Two married parents,2003,58.90%,4.50%
"All other, non-Hispanic",Male,"All other, non-Hispanic",Two married parents,2004,57.10%,4.50%
"All other, non-Hispanic",Male,"All other, non-Hispanic",Two married parents,2005,58.10%,4.50%
"All other, non-Hispanic",Male,"All other, non-Hispanic",Two married parents,2006,54.10%,4.40%
"All other, non-Hispanic",Male,"All other, non-Hispanic",Two married parents,2007,56.50%,4.40%
"All other, non-Hispanic",Male,"All other, non-Hispanic",Two married parents,2008,55.70%,4.40%
"All other, non-Hispanic",Male,"All other, non-Hispanic",Two married parents,2009,56.10%,4.20%
"All other, non-Hispanic",Male,"All other, non-Hispanic",Two married parents,2010,57.50%,4.10%
"All other, non-Hispanic",Male,"All other, non-Hispanic",Two married parents,2011,54.60%,3.70%
"All other, non-Hispanic",Male,"All other, non-Hispanic",Two married parents,2012,55.80%,3.70%
"All other, non-Hispanic",Male,"All other, non-Hispanic",Two married parents,2013,53.60%,3.70%
"All other, non-Hispanic",Male,"All other, non-Hispanic",Mother only,2001,25.90%,6.50%
"All other, non-Hispanic",Male,"All other, non-Hispanic",Mother only,2002,34.10%,6.70%
"All other, non-Hispanic",Male,"All other, non-Hispanic",Mother only,2003,28.20%,4.10%
"All other, non-Hispanic",Male,"All other, non-Hispanic",Mother only,2004,28.90%,4.10%
"All other, non-Hispanic",Male,"All other, non-Hispanic",Mother only,2005,29.20%,4.10%
"All other, non-Hispanic",Male,"All other, non-Hispanic",Mother only,2006,31.70%,4.10%
"All other, non-Hispanic",Male,"All other, non-Hispanic",Mother only,2007,28.60%,4%
"All other, non-Hispanic",Male,"All other, non-Hispanic",Mother only,2008,27.30%,3.90%
"All other, non-Hispanic",Male,"All other, non-Hispanic",Mother only,2009,28.90%,3.80%
"All other, non-Hispanic",Male,"All other, non-Hispanic",Mother only,2010,26.90%,3.70%
"All other, non-Hispanic",Male,"All other, non-Hispanic",Mother only,2011,28.70%,3.40%
"All other, non-Hispanic",Male,"All other, non-Hispanic",Mother only,2012,27.80%,3.30%
"All other, non-Hispanic",Male,"All other, non-Hispanic",Mother only,2013,31.10%,3.40%
"All other, non-Hispanic",Male,"All other, non-Hispanic",Father only,2001,7.60%,3.90%
"All other, non-Hispanic",Male,"All other, non-Hispanic",Father only,2002,8.10%,3.90%
"All other, non-Hispanic",Male,"All other, non-Hispanic",Father only,2003,6.50%,2.30%
"All other, non-Hispanic",Male,"All other, non-Hispanic",Father only,2004,8%,2.40%
"All other, non-Hispanic",Male,"All other, non-Hispanic",Father only,2005,7.10%,2.30%
"All other, non-Hispanic",Male,"All other, non-Hispanic",Father only,2006,7.50%,2.30%
"All other, non-Hispanic",Male,"All other, non-Hispanic",Father only,2007,4.20%,1.80%
"All other, non-Hispanic",Male,"All other, non-Hispanic",Father only,2008,4.80%,1.90%
"All other, non-Hispanic",Male,"All other, non-Hispanic",Father only,2009,3.50%,1.50%
"All other, non-Hispanic",Male,"All other, non-Hispanic",Father only,2010,3.30%,1.50%
"All other, non-Hispanic",Male,"All other, non-Hispanic",Father only,2011,3.60%,1.40%
"All other, non-Hispanic",Male,"All other, non-Hispanic",Father only,2012,5.10%,1.60%
"All other, non-Hispanic",Male,"All other, non-Hispanic",Father only,2013,5.40%,1.70%
"All other, non-Hispanic",Male,"All other, non-Hispanic",No parent,2001,6.40%,3.60%
"All other, non-Hispanic",Male,"All other, non-Hispanic",No parent,2002,7.20%,3.70%
"All other, non-Hispanic",Male,"All other, non-Hispanic",No parent,2003,6.30%,2.20%
"All other, non-Hispanic",Male,"All other, non-Hispanic",No parent,2004,5.90%,2.10%
"All other, non-Hispanic",Male,"All other, non-Hispanic",No parent,2005,5.70%,2.10%
"All other, non-Hispanic",Male,"All other, non-Hispanic",No parent,2006,6.70%,2.20%
"All other, non-Hispanic",Male,"All other, non-Hispanic",No parent,2007,5.70%,2%
"All other, non-Hispanic",Male,"All other, non-Hispanic",No parent,2008,6.50%,2.20%
"All other, non-Hispanic",Male,"All other, non-Hispanic",No parent,2009,6.80%,2.10%
"All other, non-Hispanic",Male,"All other, non-Hispanic",No parent,2010,6.60%,2.10%
"All other, non-Hispanic",Male,"All other, non-Hispanic",No parent,2011,6.60%,1.90%
"All other, non-Hispanic",Male,"All other, non-Hispanic",No parent,2012,4.70%,1.60%
"All other, non-Hispanic",Male,"All other, non-Hispanic",No parent,2013,4.80%,1.60%
"All other, non-Hispanic",Female,"All other, non-Hispanic",Two parents,2001,,
"All other, non-Hispanic",Female,"All other, non-Hispanic",Two parents,2002,,
"All other, non-Hispanic",Female,"All other, non-Hispanic",Two parents,2003,,
"All other, non-Hispanic",Female,"All other, non-Hispanic",Two parents,2004,,
"All other, non-Hispanic",Female,"All other, non-Hispanic",Two parents,2005,,
"All other, non-Hispanic",Female,"All other, non-Hispanic",Two parents,2006,,
"All other, non-Hispanic",Female,"All other, non-Hispanic",Two parents,2007,57.20%,4.40%
"All other, non-Hispanic",Female,"All other, non-Hispanic",Two parents,2008,61.50%,4.30%
"All other, non-Hispanic",Female,"All other, non-Hispanic",Two parents,2009,61.70%,4.20%
"All other, non-Hispanic",Female,"All other, non-Hispanic",Two parents,2010,61.50%,4.10%
"All other, non-Hispanic",Female,"All other, non-Hispanic",Two parents,2011,61%,3.70%
"All other, non-Hispanic",Female,"All other, non-Hispanic",Two parents,2012,58%,3.70%
"All other, non-Hispanic",Female,"All other, non-Hispanic",Two parents,2013,59.30%,3.70%
"All other, non-Hispanic",Female,"All other, non-Hispanic",Two married parents,2001,53.90%,8.20%
"All other, non-Hispanic",Female,"All other, non-Hispanic",Two married parents,2002,48.80%,7.50%
"All other, non-Hispanic",Female,"All other, non-Hispanic",Two married parents,2003,57.50%,4.60%
"All other, non-Hispanic",Female,"All other, non-Hispanic",Two married parents,2004,55.80%,4.50%
"All other, non-Hispanic",Female,"All other, non-Hispanic",Two married parents,2005,57.20%,4.50%
"All other, non-Hispanic",Female,"All other, non-Hispanic",Two married parents,2006,54.30%,4.50%
"All other, non-Hispanic",Female,"All other, non-Hispanic",Two married parents,2007,52.20%,4.40%
"All other, non-Hispanic",Female,"All other, non-Hispanic",Two married parents,2008,56.30%,4.40%
"All other, non-Hispanic",Female,"All other, non-Hispanic",Two married parents,2009,56.10%,4.30%
"All other, non-Hispanic",Female,"All other, non-Hispanic",Two married parents,2010,55%,4.20%
"All other, non-Hispanic",Female,"All other, non-Hispanic",Two married parents,2011,53.10%,3.80%
"All other, non-Hispanic",Female,"All other, non-Hispanic",Two married parents,2012,53.10%,3.80%
"All other, non-Hispanic",Female,"All other, non-Hispanic",Two married parents,2013,54%,3.70%
"All other, non-Hispanic",Female,"All other, non-Hispanic",Mother only,2001,30.90%,7.60%
"All other, non-Hispanic",Female,"All other, non-Hispanic",Mother only,2002,35.30%,7.10%
"All other, non-Hispanic",Female,"All other, non-Hispanic",Mother only,2003,30.70%,4.30%
"All other, non-Hispanic",Female,"All other, non-Hispanic",Mother only,2004,32.90%,4.30%
"All other, non-Hispanic",Female,"All other, non-Hispanic",Mother only,2005,30.50%,4.20%
"All other, non-Hispanic",Female,"All other, non-Hispanic",Mother only,2006,33%,4.20%
"All other, non-Hispanic",Female,"All other, non-Hispanic",Mother only,2007,32.30%,4.20%
"All other, non-Hispanic",Female,"All other, non-Hispanic",Mother only,2008,30.30%,4%
"All other, non-Hispanic",Female,"All other, non-Hispanic",Mother only,2009,28.10%,3.90%
"All other, non-Hispanic",Female,"All other, non-Hispanic",Mother only,2010,29.20%,3.90%
"All other, non-Hispanic",Female,"All other, non-Hispanic",Mother only,2011,28.90%,3.50%
"All other, non-Hispanic",Female,"All other, non-Hispanic",Mother only,2012,30.10%,3.50%
"All other, non-Hispanic",Female,"All other, non-Hispanic",Mother only,2013,31.20%,3.50%
"All other, non-Hispanic",Female,"All other, non-Hispanic",Father only,2001,5.30%,3.70%
"All other, non-Hispanic",Female,"All other, non-Hispanic",Father only,2002,6.60%,3.70%
"All other, non-Hispanic",Female,"All other, non-Hispanic",Father only,2003,6.60%,2.30%
"All other, non-Hispanic",Female,"All other, non-Hispanic",Father only,2004,5.70%,2.10%
"All other, non-Hispanic",Female,"All other, non-Hispanic",Father only,2005,5.40%,2.10%
"All other, non-Hispanic",Female,"All other, non-Hispanic",Father only,2006,6.70%,2.20%
"All other, non-Hispanic",Female,"All other, non-Hispanic",Father only,2007,4.10%,1.80%
"All other, non-Hispanic",Female,"All other, non-Hispanic",Father only,2008,2.80%,1.50%
"All other, non-Hispanic",Female,"All other, non-Hispanic",Father only,2009,3%,1.50%
"All other, non-Hispanic",Female,"All other, non-Hispanic",Father only,2010,3.20%,1.50%
"All other, non-Hispanic",Female,"All other, non-Hispanic",Father only,2011,3.50%,1.40%
"All other, non-Hispanic",Female,"All other, non-Hispanic",Father only,2012,5.50%,1.70%
"All other, non-Hispanic",Female,"All other, non-Hispanic",Father only,2013,4.90%,1.60%
"All other, non-Hispanic",Female,"All other, non-Hispanic",No parent,2001,9.90%,4.90%
"All other, non-Hispanic",Female,"All other, non-Hispanic",No parent,2002,9.40%,4.40%
"All other, non-Hispanic",Female,"All other, non-Hispanic",No parent,2003,5.20%,2.10%
"All other, non-Hispanic",Female,"All other, non-Hispanic",No parent,2004,5.70%,2.10%
"All other, non-Hispanic",Female,"All other, non-Hispanic",No parent,2005,6.90%,2.30%
"All other, non-Hispanic",Female,"All other, non-Hispanic",No parent,2006,6%,2.10%
"All other, non-Hispanic",Female,"All other, non-Hispanic",No parent,2007,6.40%,2.20%
"All other, non-Hispanic",Female,"All other, non-Hispanic",No parent,2008,5.40%,2%
"All other, non-Hispanic",Female,"All other, non-Hispanic",No parent,2009,7.10%,2.20%
"All other, non-Hispanic",Female,"All other, non-Hispanic",No parent,2010,6%,2%
"All other, non-Hispanic",Female,"All other, non-Hispanic",No parent,2011,6.60%,1.90%
"All other, non-Hispanic",Female,"All other, non-Hispanic",No parent,2012,6.50%,1.90%
"All other, non-Hispanic",Female,"All other, non-Hispanic",No parent,2013,4.60%,1.60%
Hispanic,Male,Hispanic,Two parents,2001,,
Hispanic,Male,Hispanic,Two parents,2002,,
Hispanic,Male,Hispanic,Two parents,2003,,
Hispanic,Male,Hispanic,Two parents,2004,,
Hispanic,Male,Hispanic,Two parents,2005,,
Hispanic,Male,Hispanic,Two parents,2006,,
Hispanic,Male,Hispanic,Two parents,2007,69.80%,1.70%
Hispanic,Male,Hispanic,Two parents,2008,70%,1.60%
Hispanic,Male,Hispanic,Two parents,2009,69.30%,1.60%
Hispanic,Male,Hispanic,Two parents,2010,66.90%,1.60%
Hispanic,Male,Hispanic,Two parents,2011,66.40%,1.60%
Hispanic,Male,Hispanic,Two parents,2012,65.90%,1.60%
Hispanic,Male,Hispanic,Two parents,2013,65.40%,1.60%
Hispanic,Male,Hispanic,Two married parents,2001,65.40%,1.90%
Hispanic,Male,Hispanic,Two married parents,2002,64.50%,1.90%
Hispanic,Male,Hispanic,Two married parents,2003,63.80%,1.90%
Hispanic,Male,Hispanic,Two married parents,2004,64.90%,1.80%
Hispanic,Male,Hispanic,Two married parents,2005,64.90%,1.80%
Hispanic,Male,Hispanic,Two married parents,2006,66.20%,1.80%
Hispanic,Male,Hispanic,Two married parents,2007,65.60%,1.70%
Hispanic,Male,Hispanic,Two married parents,2008,64.50%,1.70%
Hispanic,Male,Hispanic,Two married parents,2009,64.50%,1.70%
Hispanic,Male,Hispanic,Two married parents,2010,60.60%,1.70%
Hispanic,Male,Hispanic,Two married parents,2011,59.20%,1.70%
Hispanic,Male,Hispanic,Two married parents,2012,59.10%,1.70%
Hispanic,Male,Hispanic,Two married parents,2013,58.30%,1.70%
Hispanic,Male,Hispanic,Mother only,2001,23.60%,1.70%
Hispanic,Male,Hispanic,Mother only,2002,24.40%,1.70%
Hispanic,Male,Hispanic,Mother only,2003,25.10%,1.70%
Hispanic,Male,Hispanic,Mother only,2004,24.50%,1.60%
Hispanic,Male,Hispanic,Mother only,2005,24.90%,1.60%
Hispanic,Male,Hispanic,Mother only,2006,24.40%,1.60%
Hispanic,Male,Hispanic,Mother only,2007,24.30%,1.60%
Hispanic,Male,Hispanic,Mother only,2008,23.70%,1.50%
Hispanic,Male,Hispanic,Mother only,2009,24.10%,1.50%
Hispanic,Male,Hispanic,Mother only,2010,26%,1.50%
Hispanic,Male,Hispanic,Mother only,2011,26.90%,1.50%
Hispanic,Male,Hispanic,Mother only,2012,27.80%,1.50%
Hispanic,Male,Hispanic,Mother only,2013,27.30%,1.50%
Hispanic,Male,Hispanic,Father only,2001,5.20%,0.90%
Hispanic,Male,Hispanic,Father only,2002,5.50%,0.90%
Hispanic,Male,Hispanic,Father only,2003,5.70%,0.90%
Hispanic,Male,Hispanic,Father only,2004,5.40%,0.90%
Hispanic,Male,Hispanic,Father only,2005,4.90%,0.80%
Hispanic,Male,Hispanic,Father only,2006,4%,0.70%
Hispanic,Male,Hispanic,Father only,2007,2.30%,0.50%
Hispanic,Male,Hispanic,Father only,2008,2.50%,0.60%
Hispanic,Male,Hispanic,Father only,2009,2.90%,0.60%
Hispanic,Male,Hispanic,Father only,2010,3.30%,0.60%
Hispanic,Male,Hispanic,Father only,2011,2.90%,0.60%
Hispanic,Male,Hispanic,Father only,2012,3.30%,0.60%
Hispanic,Male,Hispanic,Father only,2013,3.20%,0.60%
Hispanic,Male,Hispanic,No parent,2001,5.80%,0.90%
Hispanic,Male,Hispanic,No parent,2002,5.60%,0.90%
Hispanic,Male,Hispanic,No parent,2003,5.40%,0.90%
Hispanic,Male,Hispanic,No parent,2004,5.20%,0.80%
Hispanic,Male,Hispanic,No parent,2005,5.30%,0.80%
Hispanic,Male,Hispanic,No parent,2006,5.50%,0.80%
Hispanic,Male,Hispanic,No parent,2007,3.60%,0.70%
Hispanic,Male,Hispanic,No parent,2008,3.80%,0.70%
Hispanic,Male,Hispanic,No parent,2009,3.80%,0.70%
Hispanic,Male,Hispanic,No parent,2010,3.90%,0.70%
Hispanic,Male,Hispanic,No parent,2011,3.90%,0.70%
Hispanic,Male,Hispanic,No parent,2012,3%,0.60%
Hispanic,Male,Hispanic,No parent,2013,4.10%,0.70%
Hispanic,Female,Hispanic,Two parents,2001,,
Hispanic,Female,Hispanic,Two parents,2002,,
Hispanic,Female,Hispanic,Two parents,2003,,
Hispanic,Female,Hispanic,Two parents,2004,,
Hispanic,Female,Hispanic,Two parents,2005,,
Hispanic,Female,Hispanic,Two parents,2006,,
Hispanic,Female,Hispanic,Two parents,2007,69.90%,1.70%
Hispanic,Female,Hispanic,Two parents,2008,69.40%,1.70%
Hispanic,Female,Hispanic,Two parents,2009,68.10%,1.70%
Hispanic,Female,Hispanic,Two parents,2010,67.10%,1.70%
Hispanic,Female,Hispanic,Two parents,2011,66.50%,1.60%
Hispanic,Female,Hispanic,Two parents,2012,65.40%,1.60%
Hispanic,Female,Hispanic,Two parents,2013,64.70%,1.70%
Hispanic,Female,Hispanic,Two married parents,2001,64.90%,2%
Hispanic,Female,Hispanic,Two married parents,2002,65.70%,1.90%
Hispanic,Female,Hispanic,Two married parents,2003,65.50%,1.90%
Hispanic,Female,Hispanic,Two married parents,2004,64.30%,1.90%
Hispanic,Female,Hispanic,Two married parents,2005,64.40%,1.80%
Hispanic,Female,Hispanic,Two married parents,2006,65.60%,1.80%
Hispanic,Female,Hispanic,Two married parents,2007,65.50%,1.80%
Hispanic,Female,Hispanic,Two married parents,2008,63.90%,1.80%
Hispanic,Female,Hispanic,Two married parents,2009,62.90%,1.70%
Hispanic,Female,Hispanic,Two married parents,2010,61.40%,1.70%
Hispanic,Female,Hispanic,Two married parents,2011,60.60%,1.70%
Hispanic,Female,Hispanic,Two married parents,2012,58.90%,1.70%
Hispanic,Female,Hispanic,Two married parents,2013,58.10%,1.70%
Hispanic,Female,Hispanic,Mother only,2001,25.60%,1.80%
Hispanic,Female,Hispanic,Mother only,2002,25.80%,1.80%
Hispanic,Female,Hispanic,Mother only,2003,24%,1.70%
Hispanic,Female,Hispanic,Mother only,2004,26.30%,1.70%
Hispanic,Female,Hispanic,Mother only,2005,26%,1.70%
Hispanic,Female,Hispanic,Mother only,2006,25.70%,1.70%
Hispanic,Female,Hispanic,Mother only,2007,24.70%,1.60%
Hispanic,Female,Hispanic,Mother only,2008,24.40%,1.60%
Hispanic,Female,Hispanic,Mother only,2009,25.70%,1.60%
Hispanic,Female,Hispanic,Mother only,2010,26.60%,1.60%
Hispanic,Female,Hispanic,Mother only,2011,26.70%,1.50%
Hispanic,Female,Hispanic,Mother only,2012,28.30%,1.60%
Hispanic,Female,Hispanic,Mother only,2013,28.40%,1.60%
Hispanic,Female,Hispanic,Father only,2001,3.90%,0.80%
Hispanic,Female,Hispanic,Father only,2002,4.50%,0.80%
Hispanic,Female,Hispanic,Father only,2003,5.30%,0.90%
Hispanic,Female,Hispanic,Father only,2004,5.20%,0.90%
Hispanic,Female,Hispanic,Father only,2005,4.70%,0.80%
Hispanic,Female,Hispanic,Father only,2006,4.30%,0.80%
Hispanic,Female,Hispanic,Father only,2007,1.90%,0.50%
Hispanic,Female,Hispanic,Father only,2008,2.20%,0.50%
Hispanic,Female,Hispanic,Father only,2009,2.20%,0.50%
Hispanic,Female,Hispanic,Father only,2010,2.20%,0.50%
Hispanic,Female,Hispanic,Father only,2011,2.70%,0.60%
Hispanic,Female,Hispanic,Father only,2012,2.90%,0.60%
Hispanic,Female,Hispanic,Father only,2013,3.30%,0.60%
Hispanic,Female,Hispanic,No parent,2001,5.60%,0.90%
Hispanic,Female,Hispanic,No parent,2002,4.10%,0.80%
Hispanic,Female,Hispanic,No parent,2003,5.20%,0.90%
Hispanic,Female,Hispanic,No parent,2004,4.20%,0.80%
Hispanic,Female,Hispanic,No parent,2005,5%,0.80%
Hispanic,Female,Hispanic,No parent,2006,4.50%,0.80%
Hispanic,Female,Hispanic,No parent,2007,3.50%,0.70%
Hispanic,Female,Hispanic,No parent,2008,4%,0.70%
Hispanic,Female,Hispanic,No parent,2009,4%,0.70%
Hispanic,Female,Hispanic,No parent,2010,4.10%,0.70%
Hispanic,Female,Hispanic,No parent,2011,4.20%,0.70%
Hispanic,Female,Hispanic,No parent,2012,3.40%,0.60%
Hispanic,Female,Hispanic,No parent,2013,3.60%,0.60%